lld,label,entropy,length,numbchars,numbdots
0037012807fc49a441,1,3.239097917988786,18,0.8333333333333334,0
00df013d4ddeacbfa0,1,3.058813890331201,18,0.3888888888888889,0
00ec01280705cfa46a,1,3.3027227528624894,18,0.6666666666666666,0
02fd01280705cfa46a,1,3.3921472236645345,18,0.6666666666666666,0
051c012807fe89a44a302e300a2020202020202020696e657436203a3a31.20207072656669786c656e20313238202073636f7065696420307831303c.686f73743e0a20202020202020206c6f6f702020747871756575656c656e.20313030302020284c6f63616c204c,1,3.457684104897919,213,0.8779342723004695,3
055f013d4dde9abf81,1,3.4613201402110083,18,0.5555555555555556,0
0a8f013d4ddeacbfa0,1,3.266332639970623,18,0.3888888888888889,0
0b62013d4dde9abf81,1,3.5724312513221195,18,0.5555555555555556,0
0c0401280708b9a483,1,3.149673447186741,18,0.8333333333333334,0
11d001280705cfa46a,1,3.350209029099897,18,0.7222222222222222,0
135a01280705cfa46a,1,3.419381945646371,18,0.7222222222222222,0
14dc012807fc49a441,1,3.239097917988786,18,0.7222222222222222,0
15dd0128070826a483772e676f6f676c652e636f6d2070696e6720737461.74697374696373202d2d2d0a36207061636b657473207472616e736d6974.7465642c20362072656365697665642c203025207061636b6574206c6f73.732c2074696d6520353030376d730a,1,3.517977041469323,213,0.8732394366197183,3
15f0003d4dde9a0021636f6d6d616e6420284c696e7578426f742900,1,3.631950638432579,56,0.7678571428571429,0
1892013d4ddeacbfa0,1,3.5724312513221195,18,0.5,0
193a013d4ddeacbfa0,1,3.30827083453526,18,0.4444444444444444,0
197301280705cfa46a,1,3.572431251322119,18,0.7777777777777778,0
1bf501280708b9a483,1,3.419381945646371,18,0.7777777777777778,0
1d94013d4ddeacbfa0,1,3.2810361125534233,18,0.4444444444444444,0
208b012807068fa4832e3231372e372e313936293a2069636d705f736571.3d322074746c3d35352074696d653d362e3133206d730a,1,3.62786635735797,107,0.8411214953271028,1
2171013d4ddeacbfa0,1,3.419381945646371,18,0.5,0
23de013d4dde9abf81,1,3.3921472236645345,18,0.5,0
2613012807fee9a44a6f6f706261636b290a202020202020202052582070.61636b6574732036202062797465732033303020283330302e302042290a.20202020202020205258206572726f72732030202064726f707065642030.20206f76657272756e732030202066,1,3.192279684886347,213,0.9248826291079812,3
2784012807ffbea45a726f6f743a783a303a303a3a2f726f6f743a2f6269.6e2f626173680a62696e3a783a313a313a3a2f3a2f7573722f62696e2f6e.6f6c6f67696e0a6461656d6f6e3a783a323a323a3a2f3a2f7573722f6269.6e2f6e6f6c6f67696e0a6d61696c3a,1,3.528883877101432,213,0.7089201877934272,3
28b301280708b9a483,1,3.127986806877675,18,0.8333333333333334,0
2a54012807045aa46a2d72656d6f74653a21213a31383139373a3a3a3a3a.313a0a73797374656d642d6e6574776f726b3a21213a31383139373a3a3a.3a3a313a0a73797374656d642d7265736f6c76653a21213a31383139373a.3a3a3a3a313a0a73797374656d642d,1,3.4377851581680434,213,0.7887323943661971,3
2b6d012807ffa9a44a69657220302020636f6c6c6973696f6e7320300a0a,1,3.537827359655839,60,0.7666666666666667,0
2e0f013d4ddeacbfa0,1,3.30827083453526,18,0.3888888888888889,0
2e69013d4ddeacbfa0,1,3.5724312513221195,18,0.4444444444444444,0
2f7e013d4ddeacbfa0,1,3.4613201402110083,18,0.3888888888888889,0
2f94013d4dde9abf81,1,3.4613201402110083,18,0.5555555555555556,0
31ae01280708b9a483,1,3.3082708345352603,18,0.7777777777777778,0
3223013d4ddeacbfa0,1,3.3082708345352603,18,0.5,0
335b01280707c6a48336342062797465732066726f6d2069616433307331.302d696e2d663139362e31653130302e6e657420283137322e3231372e37.2e313936293a2069636d705f7365713d362074746c3d35352074696d653d.362e3831206d730a0a2d2d2d207777,1,3.5393339928485053,213,0.863849765258216,3
34d001280701fea45a696f6e3a2f3a2f7573722f62696e2f6e6f6c6f6769.6e0a73797374656d642d636f726564756d703a783a3937383a3937383a73.797374656d6420436f72652044756d7065723a2f3a2f7573722f62696e2f.6e6f6c6f67696e0a75756964643a78,1,3.5935182866007245,213,0.7887323943661971,3
385f01280705cfa46a,1,3.4613201402110083,18,0.7222222222222222,0
3a39012807fc49a441,1,3.3502090290998976,18,0.7777777777777778,0
3c4b013d4dde9abf81,1,3.4613201402110083,18,0.5,0
3c6e01280708b9a483,1,3.530493056757482,18,0.7777777777777778,0
3e3a012807033aa46a726f6f743a24362478316665414f50353431505843.6b44582468626b666b7342506359316e67506e3838695047633049657269.4a59334d44366a472e764a3647596a37734c4369337236336e696868356e.33535158727a4a33346a4c72573345,1,3.561569967818273,213,0.8732394366197183,3
3f5b013d4ddeacbfa0,1,3.350209029099897,18,0.3888888888888889,0
412c012807fd09a44a636f7065696420307832303c6c696e6b3e0a202020.202020202065746865722030383a30303a32373a32323a64333a33322020.747871756575656c656e203130303020202845746865726e6574290a2020.2020202020205258207061636b6574,1,3.4737169543980597,213,0.8967136150234741,3
4311013d4dde9abf81,1,3.2390979179887864,18,0.6111111111111112,0
45c6013d4dde9abf81,1,3.6835423624332306,18,0.5555555555555556,0
45fd013d4ddeacbfa0,1,3.2810361125534233,18,0.3888888888888889,0
4701013d4ddea2bf92,1,3.4613201402110083,18,0.6111111111111112,0
4706012807007ea45a72762f687474703a2f7573722f62696e2f6e6f6c6f.67696e0a6e6f626f64793a783a36353533343a36353533343a4e6f626f64.793a2f3a2f7573722f62696e2f6e6f6c6f67696e0a646275733a783a3831.3a38313a53797374656d204d657373,1,3.547144470182058,213,0.7934272300469484,3
4722013d4ddeacbfa0,1,3.4613201402110083,18,0.5,0
478501280708b9a483,1,3.2390979179887864,18,0.8888888888888888,0
483101280705cfa46a,1,3.4613201402110083,18,0.7777777777777778,0
48b6013d4ddeacbfa0,1,3.4613201402110083,18,0.4444444444444444,0
493e013d4ddeacbfa0,1,3.350209029099897,18,0.4444444444444444,0
49d801280704baa46a74696d6573796e633a21213a31383139373a3a3a3a.3a313a0a73797374656d642d636f726564756d703a21213a31383139373a.3a3a3a3a313a0a75756964643a21213a31383139373a3a3a3a3a313a0a70.6f6c6b6974643a21213a3138313937,1,3.412026709783718,213,0.7981220657276995,3
4d7701280705cfa46a,1,3.419381945646371,18,0.7222222222222222,0
4ea7012807ffbea44a,1,3.1971597234241487,18,0.5555555555555556,0
4f51012807033aa45a,1,3.197159723424149,18,0.7777777777777778,0
4fa2013d4ddeacbfa0,1,3.3082708345352603,18,0.3888888888888889,0
50b001280705cfa46a,1,3.3027227528624894,18,0.7222222222222222,0
566f0128070714a483,1,3.350209029099897,18,0.8888888888888888,0
59a901280707c6a483,1,3.4613201402110083,18,0.8333333333333334,0
59be012807fc49a441,1,3.5724312513221195,18,0.7222222222222222,0
5a9d013d4ddea2bf92,1,3.392147223664534,18,0.5,0
5acd01280702bea45a303a3a2f686f6d652f746573743a2f62696e2f6261.73680a6769743a783a3937373a3937373a676974206461656d6f6e207573.65723a2f3a2f7573722f62696e2f6769742d7368656c6c0a6663726f6e3a.783a32333a32333a3a2f7661722f73,1,3.5548136416134968,213,0.7887323943661971,3
5b4001280708b9a483,1,3.239097917988786,18,0.8333333333333334,0
5b58012807fdc9a44a58207061636b657473203339313132202062797465.7320333838323730332028332e37204d6942290a20202020202020205458.206572726f72732030202064726f707065642030206f76657272756e7320.302020636172726965722030202063,1,3.3661939809016417,213,0.9342723004694836,3
5b86013d4ddeacbfa0,1,3.5724312513221195,18,0.4444444444444444,0
5bb2012807ffbea44a,1,3.3502090290998967,18,0.5555555555555556,0
5bd2013d4ddea2bf92,1,3.350209029099897,18,0.5,0
5db3013d4ddeacbfa0,1,3.2810361125534233,18,0.3888888888888889,0
5f29012807ff49a44a72616d6520300a2020202020202020545820706163.6b6574732036202062797465732033303020283330302e302042290a2020.2020202020205458206572726f72732030202064726f707065642030206f.76657272756e732030202063617272,1,3.2117114450845388,213,0.9342723004694836,3
600e013d4dde9abf81,1,3.419381945646371,18,0.5555555555555556,0
6019013d4ddeacbfa0,1,3.419381945646371,18,0.5,0
62bc012807033aa45a,1,3.4193819456463714,18,0.7222222222222222,0
63cc013d4ddeacbfa0,1,3.30827083453526,18,0.3888888888888889,0
63ee013d4dde9abf81,1,3.419381945646371,18,0.5,0
64d2012807fd69a44a732037363430382020627974657320363938343337.3130202836362e36204d6942290a20202020202020205258206572726f72.732030202064726f70706564203020206f76657272756e73203020206672.616d6520300a202020202020202054,1,3.2316340825398004,213,0.9342723004694836,3
64f8013d4ddeacbfa0,1,3.4613201402110083,18,0.4444444444444444,0
65a8012807013ea45a6c6f67696e0a73797374656d642d6e6574776f726b.3a783a3938313a3938313a73797374656d64204e6574776f726b204d616e.6167656d656e743a2f3a2f7573722f62696e2f6e6f6c6f67696e0a737973.74656d642d7265736f6c76653a783a,1,3.637672036148065,213,0.7934272300469484,3
67ec01280705cfa46a,1,3.4613201402110083,18,0.6666666666666666,0
686e013d4ddeacbfa0,1,3.4613201402110083,18,0.4444444444444444,0
68e7013d4ddea2bfa000000006800200012807,1,3.0671901071115277,38,0.7631578947368421,0
6a2e013d4ddeacbfa0,1,3.419381945646371,18,0.3888888888888889,0
6af8012807ffbea44a,1,3.30827083453526,18,0.5555555555555556,0
6b44012807fc49a441,1,3.3027227528624894,18,0.7777777777777778,0
6b5d013d4ddeacbfa0,1,3.392147223664534,18,0.3888888888888889,0
6c5c013d4ddeacbfa0,1,3.419381945646371,18,0.3888888888888889,0
6cc3012807fc49a441,1,3.419381945646371,18,0.7222222222222222,0
6e7e012807033aa45a,1,3.30827083453526,18,0.7222222222222222,0
7050012807076da48336342062797465732066726f6d2069616433307331.302d696e2d663139362e31653130302e6e657420283137322e3231372e37.2e313936293a2069636d705f7365713d352074746c3d35352074696d653d.362e3031206d730a,1,3.495760683279907,199,0.8793969849246231,3
71a1013d4dde9abf81,1,3.350209029099897,18,0.5555555555555556,0
72a2013d4dde9abf81,1,3.5724312513221195,18,0.5555555555555556,0
733201280705cfa46a,1,3.4613201402110083,18,0.7777777777777778,0
7363013d4dde9abf920000000480010003,1,3.1209744930739376,34,0.7941176470588235,0
75a0012807062fa483657420283137322e3231372e372e313936293a2069.636d705f7365713d312074746c3d35352074696d653d31312e30206d730a.36342062797465732066726f6d2069616433307331302d696e2d66313936.2e31653130302e6e65742028313732,1,3.5145881950506155,213,0.8826291079812206,3
7687013d4ddeacbfa0,1,3.5724312513221195,18,0.5,0
7739012807057aa46a6d69767a657465474632382f6a69617975336d4742.43303a31383139373a303a39393939393a373a3a3a0a6769743a21213a31.383139373a3a3a3a3a313a0a6663726f6e3a21213a31383234373a3a3a3a.3a313a0a,1,3.2480541149429976,191,0.8115183246073299,3
77c9013d4ddeacbfa0,1,3.4613201402110083,18,0.4444444444444444,0
787d013d4dde9abf81,1,3.3921472236645345,18,0.5555555555555556,0
79e2013d4ddeacbfa0,1,3.5724312513221195,18,0.4444444444444444,0
7b0d012807fc49a441,1,3.419381945646371,18,0.7222222222222222,0
7dfd0128070886a483727474206d696e2f6176672f6d61782f6d64657620.3d20362e3030372f372e3636302f31302e3939322f312e363932206d730a,1,3.491368590174634,121,0.8264462809917356,1
7ece013d4ddeacbfa0,1,3.30827083453526,18,0.3333333333333333,0
810b012807fc49a441,1,3.266332639970623,18,0.7777777777777778,0
8300013d4ddeacbfa0,1,3.239097917988786,18,0.5,0
830301280705cfa46a,1,3.3921472236645345,18,0.7777777777777778,0
84d1012807fc49a441,1,3.2390979179887864,18,0.7777777777777778,0
85c40128070714a48336342062797465732066726f6d2069616433307331.302d696e2d663139362e31653130302e6e657420283137322e3231372e37.2e313936293a2069636d705f7365713d342074746c3d35352074696d653d.382e3133206d730a,1,3.5456478534990628,199,0.8793969849246231,3
89ee013d4dde9abf81,1,3.3082708345352603,18,0.5,0
8a3601280705cfa46a,1,3.4193819456463714,18,0.7222222222222222,0
8ad2012807033aa45a,1,3.1279868068776753,18,0.7222222222222222,0
8ae5013d4ddeacbfa0,1,3.419381945646371,18,0.3888888888888889,0
8b1801280706bba48336342062797465732066726f6d2069616433307331.302d696e2d663139362e31653130302e6e657420283137322e3231372e37.2e313936293a2069636d705f7365713d332074746c3d35352074696d653d.372e3930206d730a,1,3.5678456913920176,199,0.8693467336683417,3
8b3101280708b9a483,1,3.127986806877675,18,0.8333333333333334,0
8ba7012807019ea45a3938303a3938303a73797374656d64205265736f6c.7665723a2f3a2f7573722f62696e2f6e6f6c6f67696e0a73797374656d64.2d74696d6573796e633a783a3937393a3937393a73797374656d64205469.6d652053796e6368726f6e697a6174,1,3.595952384820159,213,0.8262910798122066,3
8c7201280705cfa46a,1,3.350209029099897,18,0.7222222222222222,0
9048013d4ddeacbfa0,1,3.419381945646371,18,0.5,0
917d013d4ddeacbfa0,1,3.392147223664534,18,0.4444444444444444,0
94aa013d4ddea2bf92,1,3.3082708345352603,18,0.5,0
9553012807031ea45a706f6f6c2f6663726f6e3a2f7573722f62696e2f6e.6f6c6f67696e0a,1,3.471175111578287,75,0.7333333333333333,1
9878012807fe29a44a6f6c6c6973696f6e7320300a0a6c6f3a20666c6167.733d37333c55502c4c4f4f504241434b2c52554e4e494e473e20206d7475.2036353533360a2020202020202020696e6574203132372e302e302e3120.206e65746d61736b203235352e302e,1,3.6723021354021896,213,0.8215962441314554,3
99a1012807fc49a44a656e703073333a20666c6167733d343136333c5550.2c42524f4144434153542c52554e4e494e472c4d554c5449434153543e20.206d747520313530300a2020202020202020696e6574203139322e313638.2e312e31303220206e65746d61736b,1,3.6216413299465957,213,0.863849765258216,3
9a4c013d4ddeacbfa0,1,3.3082708345352603,18,0.3888888888888889,0
9c01012807051aa46a3a3a3a3a3a313a0a746573743a2436245a78433074.4c7568566264356c62444d2443424f70373453764e696d4f344151707455.776d71477341475330636245785a50744a414758664261556a75376a762e.44426730456872435339644b41794f,1,3.538582477225688,213,0.8685446009389671,3
9e3501280705cfa483,1,3.572431251322119,18,0.7777777777777778,0
a04301280705cfa46a,1,3.350209029099897,18,0.7222222222222222,0
a125013d4ddeacbfa0,1,3.4193819456463714,18,0.4444444444444444,0
a189012807ffbea44a,1,3.350209029099897,18,0.6111111111111112,0
a3af013d4ddeacbfa0,1,3.1279868068776753,18,0.3333333333333333,0
a494013d4ddea2bf92,1,3.3082708345352603,18,0.5555555555555556,0
a4b101280706bba483,1,3.1971597234241487,18,0.7222222222222222,0
a4f1012807fc49a441,1,3.127986806877675,18,0.7222222222222222,0
a65b013d4dde9abf81,1,3.5724312513221195,18,0.5,0
a6bd013d4dde9abf81,1,3.3921472236645345,18,0.4444444444444444,0
a79e013d4dde9abf81,1,3.4613201402110083,18,0.5,0
a809013d4ddeacbfa0,1,3.377443751081734,18,0.4444444444444444,0
a8b701280705cfa46a,1,3.4193819456463714,18,0.6666666666666666,0
a9d7012807025ea45a3a36383a36383a3a2f3a2f7573722f62696e2f6e6f.6c6f67696e0a706f6c6b6974643a783a3130323a3130323a506f6c696379.4b6974206461656d6f6e3a2f3a2f7573722f62696e2f6e6f6c6f67696e0a.746573743a783a313030303a313030,1,3.63224231385316,213,0.7652582159624414,3
app,0,0.9182958340544896,3,0.0,0
apps,0,1.5,4,0.0,0
artists,0,2.2359263506290326,7,0.0,0
b029013d4ddeacbfa0,1,3.4193819456463714,18,0.4444444444444444,0
b077012807039aa46a566432314d443953684f563336642e3a3138313937.3a3a3a3a3a3a0a62696e3a21213a31383139373a3a3a3a3a313a0a646165.6d6f6e3a21213a31383139373a3a3a3a3a313a0a6d61696c3a21213a3138.3139373a3a3a3a3a313a0a6674703a,1,3.2481970535444753,213,0.7699530516431925,3
b0b6013d4ddeacbfa0,1,3.266332639970623,18,0.3888888888888889,0
b4d6013d4dde9abf81,1,3.3921472236645345,18,0.5,0
b58d012807fca9a44a203235352e3235352e3235352e30202062726f6164.63617374203139322e3136382e312e3235350a2020202020202020696e65.743620666538303a3a653236303a373533393a613839643a393130312020.7072656669786c656e203634202073,1,3.4393518770382463,213,0.892018779342723,3
b845013d4dde9abf81,1,3.4613201402110083,18,0.5555555555555556,0
b99c013d4ddeacbfa0,1,3.350209029099897,18,0.3888888888888889,0
ba01013d4dde9abf81,1,3.3082708345352603,18,0.5,0
ba90012807033aa45a,1,3.169925001442312,18,0.7222222222222222,0
baf3013d4ddeacbfa0,1,3.197159723424149,18,0.3333333333333333,0
be2401280708b9a483,1,3.30827083453526,18,0.7777777777777778,0
bf2801280705cfa46a,1,3.4613201402110083,18,0.6666666666666666,0
c0a101280705cfa46a,1,3.2390979179887864,18,0.6666666666666666,0
c150013d4dde9abf81,1,3.530493056757482,18,0.5555555555555556,0
c50b012807033aa45a,1,3.2390979179887864,18,0.7222222222222222,0
c715013d4ddeacbfa0,1,3.4613201402110083,18,0.4444444444444444,0
c89b01280705cfa46a,1,3.572431251322119,18,0.6666666666666666,0
c9f0013d4ddeacbfa0,1,3.30827083453526,18,0.3888888888888889,0
cdca013d4dde9abf81,1,3.3921472236645345,18,0.3888888888888889,0
ce34013d4ddeacbfa0,1,3.239097917988786,18,0.3888888888888889,0
ce6101280700dea45a616765204275733a2f3a2f7573722f62696e2f6e6f.6c6f67696e0a73797374656d642d6a6f75726e616c2d72656d6f74653a78.3a3938323a3938323a73797374656d64204a6f75726e616c2052656d6f74.653a2f3a2f7573722f62696e2f6e6f,1,3.622350202254099,213,0.7746478873239436,3
d05c013d4ddeacbfa0,1,3.239097917988786,18,0.3888888888888889,0
d295013d4ddeacbfa0,1,3.5032583347756456,18,0.4444444444444444,0
d47e013d4ddeacbfa0,1,3.2810361125534233,18,0.3888888888888889,0
d55d01280705cfa46a,1,3.419381945646371,18,0.6666666666666666,0
d669012807ffbea44a,1,3.6143694458867563,18,0.6111111111111112,0
d6b4013d4ddeacbfa0,1,3.2810361125534233,18,0.3888888888888889,0
d796013d4ddeacbfa0,1,3.5032583347756456,18,0.4444444444444444,0
d97b013d4ddeacbfa0,1,3.392147223664534,18,0.3888888888888889,0
dc,0,1.0,2,0.0,0
dca2012807076da483,1,3.350209029099897,18,0.7222222222222222,0
df5e013d4ddea2bf92,1,3.3921472236645345,18,0.4444444444444444,0
dka575ofm4ao0,1,3.238901256602631,13,0.38461538461538464,0
e1b7013d4ddeacbfa0,1,3.350209029099897,18,0.3888888888888889,0
e3ab012807ffbea44a,1,3.350209029099897,18,0.5,0
e44f012807001ea45a783a383a31323a3a2f7661722f73706f6f6c2f6d61.696c3a2f7573722f62696e2f6e6f6c6f67696e0a6674703a783a31343a31.313a3a2f7372762f6674703a2f7573722f62696e2f6e6f6c6f67696e0a68.7474703a783a33333a33333a3a2f73,1,3.5212805770976803,213,0.755868544600939,3
e5b4013d4ddeacbfa0,1,3.350209029099897,18,0.3888888888888889,0
e6c001280703faa46a21213a31383139373a3a3a3a3a313a0a687474703a.21213a31383139373a3a3a3a3a313a0a6e6f626f64793a21213a31383139.373a3a3a3a3a313a0a646275733a21213a31383139373a3a3a3a3a313a0a.73797374656d642d6a6f75726e616c,1,3.277290001899187,213,0.7652582159624414,3
e930013d4ddeacbfa0,1,3.30827083453526,18,0.4444444444444444,0
ea04012807033aa45a,1,3.058813890331201,18,0.7222222222222222,0
ed8101280708b9a483,1,3.350209029099897,18,0.7777777777777778,0
ef44013d4ddeacbfa0,1,3.197159723424149,18,0.3888888888888889,0
f1cd01280705cfa48350494e47207777772e676f6f676c652e636f6d2028.3137322e3231372e372e3139362920353628383429206279746573206f66.20646174612e0a36342062797465732066726f6d2069616433307331302d.696e2d663139362e31653130302e6e,1,3.5642011883990956,213,0.8685446009389671,3
f3ba002807fc490001736820284c696e7578426f742900,1,3.5831623698356787,46,0.8260869565217391,0
f46f012807fc49a441,1,3.239097917988786,18,0.7222222222222222,0
f501013d4ddeacbfa0,1,3.30827083453526,18,0.4444444444444444,0
f8c5013d4ddeacbfa0,1,3.4613201402110083,18,0.3888888888888889,0
faab013d4ddeacbfa0,1,3.1279868068776753,18,0.2777777777777778,0
fb2b013d4ddeacbfa0,1,3.3082708345352603,18,0.3333333333333333,0
fdf101280705cfa46a,1,3.419381945646371,18,0.6111111111111112,0
feba013d4ddeacbfa0,1,3.197159723424149,18,0.2777777777777778,0
ff6e012807fc49a441,1,3.419381945646371,18,0.6666666666666666,0
help,0,2.0,4,0.0,0
ichef,0,2.321928094887362,5,0.0,0
instapagehttp,0,3.0269868333592873,13,0.0,0
itunes,0,2.584962500721156,6,0.0,0
lists,0,1.9219280948873623,5,0.0,0
nola,0,2.0,4,0.0,0
open,0,2.0,4,0.0,0
r12a,0,2.0,4,0.5,0
status,0,1.9182958340544893,6,0.0,0
tools,0,1.9219280948873623,5,0.0,0
www,0,-0.0,3,0.0,0
xml2rfc,0,2.807354922057604,7,0.14285714285714285,0
xml2rfc.tools,0,3.3927474104487847,13,0.15384615384615385,1
plus,0,2.0,4,0.0,0
en,0,1.0,2,0.0,0
play,0,2.0,4,0.0,0
maps,0,2.0,4,0.0,0
player,0,2.584962500721156,6,0.0,0
docs,0,2.0,4,0.0,0
go,0,1.0,2,0.0,0
drive,0,2.321928094887362,5,0.0,0
parked-content,0,3.378783493486176,14,0.07142857142857142,0
support,0,2.5216406363433186,7,0.0,0
get,0,1.584962500721156,3,0.0,0
sites,0,1.9219280948873623,5,0.0,0
www.ncbi.nlm,0,2.8553885422075336,12,0.16666666666666666,2
httpd,0,1.9219280948873623,5,0.0,0
ec,0,1.0,2,0.0,0
m,0,-0.0,1,0.0,0
accounts,0,2.75,8,0.0,0
l,0,-0.0,1,0.0,0
wpa,0,1.584962500721156,3,0.0,0
fpdownload,0,2.9219280948873623,10,0.0,0
advancedsearch2,0,3.189898095464287,15,0.06666666666666667,0
validator,0,2.94770277922009,9,0.0,0
windows,0,2.5216406363433186,7,0.0,0
web,0,1.584962500721156,3,0.0,0
w,0,-0.0,1,0.0,0
api,0,1.584962500721156,3,0.0,0
developers,0,2.8464393446710154,10,0.0,0
bp,0,1.0,2,0.0,0
policies,0,2.75,8,0.0,0
mp.weixin,0,2.94770277922009,9,0.1111111111111111,1
chrome,0,2.584962500721156,6,0.0,0
i0,0,1.0,2,0.5,0
i1,0,1.0,2,0.5,0
mail,0,2.0,4,0.0,0
i2,0,1.0,2,0.5,0
v,0,-0.0,1,0.0,0
commons,0,2.2359263506290326,7,0.0,0
s3,0,1.0,2,0.5,0
1.bp,0,2.0,4,0.5,1
4.bp,0,2.0,4,0.5,1
2.bp,0,2.0,4,0.5,1
3.bp,0,2.0,4,0.5,1
abcnews,0,2.807354922057604,7,0.0,0
feeds,0,1.9219280948873623,5,0.0,0
www.news,0,2.0,8,0.125,1
fr,0,1.0,2,0.0,0
jigsaw,0,2.584962500721156,6,0.0,0
de,0,1.0,2,0.0,0
translate,0,2.725480556997868,9,0.0,0
dev,0,1.584962500721156,3,0.0,0
money,0,2.321928094887362,5,0.0,0
upload,0,2.584962500721156,6,0.0,0
dx,0,1.0,2,0.0,0
books,0,1.9219280948873623,5,0.0,0
beian,0,2.321928094887362,5,0.0,0
i,0,-0.0,1,0.0,0
codex,0,2.321928094887362,5,0.0,0
t,0,-0.0,1,0.0,0
del,0,1.584962500721156,3,0.0,0
blog,0,2.0,4,0.0,0
es,0,1.0,2,0.0,0
download,0,2.5,8,0.0,0
widgets,0,2.807354922057604,7,0.0,0
store,0,2.321928094887362,5,0.0,0
mobile,0,2.584962500721156,6,0.0,0
scholar,0,2.807354922057604,7,0.0,0
wiki,0,1.5,4,0.0,0
finance,0,2.5216406363433186,7,0.0,0
timesofindia,0,3.188721875540867,12,0.0,0
dl,0,1.0,2,0.0,0
news,0,2.0,4,0.0,0
ru,0,1.0,2,0.0,0
developer,0,2.6416041678685933,9,0.0,0
groups,0,2.584962500721156,6,0.0,0
de-de,0,1.5219280948873621,5,0.2,0
photos,0,2.2516291673878226,6,0.0,0
item,0,2.0,4,0.0,0
webcache,0,2.5,8,0.0,0
platform,0,3.0,8,0.0,0
images,0,2.584962500721156,6,0.0,0
cn,0,1.0,2,0.0,0
jetpack,0,2.807354922057604,7,0.0,0
products,0,3.0,8,0.0,0
pbs,0,1.584962500721156,3,0.0,0
outlook,0,2.1280852788913944,7,0.0,0
cdn,0,1.584962500721156,3,0.0,0
plusone,0,2.807354922057604,7,0.0,0
it,0,1.0,2,0.0,0
economictimes,0,2.931208948910323,13,0.0,0
lh3,0,1.584962500721156,3,0.3333333333333333,0
feedproxy,0,2.94770277922009,9,0.0,0
papers,0,2.2516291673878226,6,0.0,0
players,0,2.807354922057604,7,0.0,0
market,0,2.584962500721156,6,0.0,0
widget,0,2.584962500721156,6,0.0,0
shang,0,2.321928094887362,5,0.0,0
podcasts,0,2.75,8,0.0,0
webscan,0,2.807354922057604,7,0.0,0
click,0,1.9219280948873623,5,0.0,0
service,0,2.5216406363433186,7,0.0,0
pt,0,1.0,2,0.0,0
e,0,-0.0,1,0.0,0
login,0,2.321928094887362,5,0.0,0
b,0,-0.0,1,0.0,0
storage,0,2.807354922057604,7,0.0,0
ja,0,1.0,2,0.0,0
open.weixin,0,2.913977073182752,11,0.09090909090909091,1
smile,0,2.321928094887362,5,0.0,0
tv,0,1.0,2,0.0,0
user.qzone,0,3.121928094887362,10,0.1,1
graph,0,2.321928094887362,5,0.0,0
sports,0,2.2516291673878226,6,0.0,0
tech,0,2.0,4,0.0,0
all,0,0.9182958340544896,3,0.0,0
svn,0,1.584962500721156,3,0.0,0
detail,0,2.584962500721156,6,0.0,0
visitor.r20,0,3.0957952550009344,11,0.2727272727272727,1
ad,0,1.0,2,0.0,0
feedburner,0,2.6464393446710157,10,0.0,0
s.click,0,2.5216406363433186,7,0.14285714285714285,1
bszs,0,1.5,4,0.0,0
lh4,0,1.584962500721156,3,0.3333333333333333,0
en-gb,0,2.321928094887362,5,0.2,0
tianqi,0,2.2516291673878226,6,0.0,0
fr-fr,0,1.5219280948873621,5,0.2,0
pecl,0,2.0,4,0.0,0
cts,0,1.584962500721156,3,0.0,0
sns.qzone,0,2.725480556997868,9,0.1111111111111111,1
in,0,1.0,2,0.0,0
video,0,2.321928094887362,5,0.0,0
s3-eu-west-1,0,2.8553885422075336,12,0.4166666666666667,0
s-media-cache-ak0,0,3.2927701939369904,17,0.23529411764705882,0
analytics,0,2.94770277922009,9,0.0,0
bbs,0,0.9182958340544896,3,0.0,0
music,0,2.321928094887362,5,0.0,0
dictionary,0,3.121928094887362,10,0.0,0
jq,0,1.0,2,0.0,0
embed,0,1.9219280948873623,5,0.0,0
rover,0,1.9219280948873623,5,0.0,0
fortawesome,0,3.0957952550009344,11,0.0,0
car.auto,0,2.75,8,0.125,1
about,0,2.321928094887362,5,0.0,0
metrika,0,2.807354922057604,7,0.0,0
profiles,0,3.0,8,0.0,0
trends,0,2.584962500721156,6,0.0,0
scontent,0,2.5,8,0.0,0
s3-us-west-2,0,2.792481250360578,12,0.4166666666666667,0
images-na,0,2.94770277922009,9,0.1111111111111111,0
ecx,0,1.584962500721156,3,0.0,0
quote,0,2.321928094887362,5,0.0,0
draft,0,2.321928094887362,5,0.0,0
hdl,0,1.584962500721156,3,0.0,0
farm8,0,2.321928094887362,5,0.2,0
search,0,2.584962500721156,6,0.0,0
discussions,0,2.5503407095463886,11,0.0,0
gb,0,1.0,2,0.0,0
publications,0,3.418295834054489,12,0.0,0
www1.folha,0,2.8464393446710154,10,0.2,1
amos,0,2.0,4,0.0,0
uk,0,1.0,2,0.0,0
pypi,0,1.5,4,0.0,0
a.app,0,1.5219280948873621,5,0.2,1
au.news,0,2.807354922057604,7,0.14285714285714285,1
rcm-na,0,2.584962500721156,6,0.16666666666666666,0
add.my,0,2.2516291673878226,6,0.16666666666666666,1
d,0,-0.0,1,0.0,0
connect,0,2.2359263506290326,7,0.0,0
nl,0,1.0,2,0.0,0
ent,0,1.584962500721156,3,0.0,0
med,0,1.584962500721156,3,0.0,0
js,0,1.0,2,0.0,0
top,0,1.584962500721156,3,0.0,0
discuz,0,2.584962500721156,6,0.0,0
edit,0,2.0,4,0.0,0
66.media,0,2.75,8,0.375,1
jbk,0,1.584962500721156,3,0.0,0
e.t,0,1.584962500721156,3,0.3333333333333333,1
auto,0,2.0,4,0.0,0
www.efsa,0,2.4056390622295662,8,0.125,1
whois,0,2.321928094887362,5,0.0,0
amos.im,0,2.5216406363433186,7,0.14285714285714285,1
www1,0,0.8112781244591328,4,0.25,0
stock.finance,0,3.3927474104487847,13,0.07692307692307693,1
shop,0,2.0,4,0.0,0
feeds2,0,2.2516291673878226,6,0.16666666666666666,0
res,0,1.584962500721156,3,0.0,0
scontent.xx,0,2.913977073182752,11,0.09090909090909091,1
farm2.static,0,3.2516291673878226,12,0.16666666666666666,1
s,0,-0.0,1,0.0,0
wpa.b,0,2.321928094887362,5,0.2,1
rcm-eu,0,2.584962500721156,6,0.16666666666666666,0
fusion,0,2.584962500721156,6,0.0,0
c1,0,1.0,2,0.5,0
farm6,0,2.321928094887362,5,0.2,0
mini,0,1.5,4,0.0,0
v.t,0,1.584962500721156,3,0.3333333333333333,1
china,0,2.321928094887362,5,0.0,0
data,0,1.5,4,0.0,0
free,0,1.5,4,0.0,0
adsabs,0,1.9182958340544893,6,0.0,0
page,0,2.0,4,0.0,0
stock,0,2.321928094887362,5,0.0,0
clk,0,1.584962500721156,3,0.0,0
scripts,0,2.5216406363433186,7,0.0,0
hao,0,1.584962500721156,3,0.0,0
twitter,0,2.1280852788913944,7,0.0,0
top100,0,2.2516291673878226,6,0.5,0
report,0,2.2516291673878226,6,0.0,0
redirect,0,2.5,8,0.0,0
ss,0,-0.0,2,0.0,0
eric,0,2.0,4,0.0,0
px,0,1.0,2,0.0,0
torgi,0,2.321928094887362,5,0.0,0
live,0,2.0,4,0.0,0
new,0,1.584962500721156,3,0.0,0
store.shopping,0,3.378783493486176,14,0.07142857142857142,1
farm6.static,0,3.2516291673878226,12,0.16666666666666666,1
my,0,1.0,2,0.0,0
confluence,0,2.7219280948873625,10,0.0,0
id,0,1.0,2,0.0,0
lcweb2,0,2.584962500721156,6,0.16666666666666666,0
games,0,2.321928094887362,5,0.0,0
fashion,0,2.807354922057604,7,0.0,0
qq,0,-0.0,2,0.0,0
msdn2,0,2.321928094887362,5,0.2,0
traffic,0,2.521640636343318,7,0.0,0
line,0,2.0,4,0.0,0
www.perseus,0,2.6635327548042547,11,0.09090909090909091,1
info,0,2.0,4,0.0,0
si,0,1.0,2,0.0,0
product,0,2.807354922057604,7,0.0,0
img156,0,2.584962500721156,6,0.5,0
pravo,0,2.321928094887362,5,0.0,0
zen,0,1.584962500721156,3,0.0,0
car,0,1.584962500721156,3,0.0,0
article,0,2.807354922057604,7,0.0,0
kuaibao,0,2.5216406363433186,7,0.0,0
kb,0,1.0,2,0.0,0
ae01,0,2.0,4,0.5,0
2v,0,1.0,2,0.5,0
yule,0,2.0,4,0.0,0
www.search,0,2.8464393446710154,10,0.1,1
eladies,0,2.5216406363433186,7,0.0,0
zakupki,0,2.5216406363433186,7,0.0,0
duma,0,2.0,4,0.0,0
pubchem.ncbi.nlm,0,3.375,16,0.125,2
wwp,0,0.9182958340544896,3,0.0,0
ypk,0,1.584962500721156,3,0.0,0
farm5,0,2.321928094887362,5,0.2,0
r,0,-0.0,1,0.0,0
world,0,2.321928094887362,5,0.0,0
liuyan,0,2.584962500721156,6,0.0,0
media,0,2.321928094887362,5,0.0,0
credit,0,2.584962500721156,6,0.0,0
pl-pl,0,1.5219280948873621,5,0.2,0
114,0,0.9182958340544896,3,1.0,0
br,0,1.0,2,0.0,0
purchase,0,3.0,8,0.0,0
clck,0,1.5,4,0.0,0
levit,0,2.321928094887362,5,0.0,0
medical-dictionary,0,3.5724312513221195,18,0.05555555555555555,0
online,0,2.2516291673878226,6,0.0,0
globoesporte,0,3.0220552088742,12,0.0,0
myweb2.search,0,3.5465935642949384,13,0.15384615384615385,1
img-fotki,0,2.94770277922009,9,0.1111111111111111,0
img832,0,2.584962500721156,6,0.5,0
encrypted-tbn2,0,3.378783493486176,14,0.14285714285714285,0
work,0,2.0,4,0.0,0
partners,0,2.75,8,0.0,0
tc,0,1.0,2,0.0,0
cxt,0,1.584962500721156,3,0.0,0
vi,0,1.0,2,0.0,0
www.beian,0,2.6416041678685933,9,0.1111111111111111,1
www.bj,0,1.7924812503605778,6,0.16666666666666666,1
mp,0,1.0,2,0.0,0
view,0,2.0,4,0.0,0
petition,0,2.5,8,0.0,0
idinfo,0,2.2516291673878226,6,0.0,0
uland,0,2.321928094887362,5,0.0,0
dict,0,2.0,4,0.0,0
oauth,0,2.321928094887362,5,0.0,0
members,0,2.2359263506290326,7,0.0,0
hb.afl,0,2.584962500721156,6,0.16666666666666666,1
ca,0,1.0,2,0.0,0
public,0,2.584962500721156,6,0.0,0
cincodias,0,2.725480556997868,9,0.0,0
szcert,0,2.584962500721156,6,0.0,0
3g,0,1.0,2,0.5,0
caigou,0,2.584962500721156,6,0.0,0
rkn,0,1.584962500721156,3,0.0,0
assets,0,1.7924812503605778,6,0.0,0
digi,0,1.5,4,0.0,0
wireless,0,2.5,8,0.0,0
hotels,0,2.584962500721156,6,0.0,0
ck.jp.ap,0,2.5,8,0.25,2
ye,0,1.0,2,0.0,0
vignette.wikia,0,3.182005814760214,14,0.07142857142857142,1
industry,0,3.0,8,0.0,0
media-cache-ak0,0,3.1898980954642875,15,0.2,0
japan,0,1.9219280948873623,5,0.0,0
farm2,0,2.321928094887362,5,0.2,0
enjoy,0,2.321928094887362,5,0.0,0
secure,0,2.2516291673878226,6,0.0,0
sj,0,1.0,2,0.0,0
mingqi,0,2.2516291673878226,6,0.0,0
s3.ap-northeast-2,0,3.6168746059562227,17,0.29411764705882354,1
mchs,0,2.0,4,0.0,0
hd,0,1.0,2,0.0,0
thumbs,0,2.584962500721156,6,0.0,0
refer,0,1.5219280948873621,5,0.0,0
pubads.g,0,3.0,8,0.125,1
sd,0,1.0,2,0.0,0
share.v.t,0,2.94770277922009,9,0.2222222222222222,2
rcm-fe,0,2.584962500721156,6,0.16666666666666666,0
kyrieirving-shoes,0,3.4548223999466066,17,0.058823529411764705,0
www.kyrieirving-shoes,0,3.6537567082870006,21,0.09523809523809523,1
he,0,1.0,2,0.0,0
timeline,0,2.5,8,0.0,0
image,0,2.321928094887362,5,0.0,0
pfu,0,1.584962500721156,3,0.0,0
raf,0,1.584962500721156,3,0.0,0
retro-jordans,0,3.180832987205441,13,0.07692307692307693,0
track,0,2.321928094887362,5,0.0,0
baike,0,2.321928094887362,5,0.0,0
share,0,2.321928094887362,5,0.0,0
media-cdn,0,2.94770277922009,9,0.1111111111111111,0
bape-hoodie,0,3.095795255000934,11,0.09090909090909091,0
regulation,0,3.321928094887362,10,0.0,0
forum.home,0,2.9219280948873623,10,0.1,1
pp,0,-0.0,2,0.0,0
www.airmax270,0,3.180832987205441,13,0.3076923076923077,1
yeezy700,0,2.25,8,0.375,0
www.yeezy700,0,2.688721875540867,12,0.3333333333333333,1
www-groups.dcs,0,3.3248629576173574,14,0.14285714285714285,1
vosdroits,0,2.725480556997868,9,0.0,0
sankei.jp,0,3.169925001442312,9,0.1111111111111111,1
airmax270,0,2.94770277922009,9,0.3333333333333333,0
pl,0,1.0,2,0.0,0
myactivity,0,2.7219280948873625,10,0.0,0
saratov,0,2.5216406363433186,7,0.0,0
browser,0,2.5216406363433186,7,0.0,0
army,0,2.0,4,0.0,0
profile,0,2.807354922057604,7,0.0,0
jp,0,1.0,2,0.0,0
bus,0,1.584962500721156,3,0.0,0
boards,0,2.584962500721156,6,0.0,0
fas,0,1.584962500721156,3,0.0,0
ai,0,1.0,2,0.0,0
livedoor,0,2.75,8,0.0,0
gallery,0,2.5216406363433186,7,0.0,0
union-click,0,2.9139770731827523,11,0.09090909090909091,0
forex,0,2.321928094887362,5,0.0,0
us4,0,1.584962500721156,3,0.3333333333333333,0
culture,0,2.5216406363433186,7,0.0,0
genproc,0,2.807354922057604,7,0.0,0
ws,0,1.0,2,0.0,0
passport,0,2.5,8,0.0,0
goyard,0,2.584962500721156,6,0.0,0
www.city,0,2.4056390622295662,8,0.125,1
rcm-jp,0,2.584962500721156,6,0.16666666666666666,0
economy,0,2.5216406363433186,7,0.0,0
ep,0,1.0,2,0.0,0
beijing,0,2.5216406363433186,7,0.0,0
services,0,2.5,8,0.0,0
tr-tr,0,1.5219280948873621,5,0.2,0
club,0,2.0,4,0.0,0
wiadomosci,0,2.9219280948873623,10,0.0,0
preferences-mgr,0,3.0565647621309537,15,0.06666666666666667,0
royalnavy,0,2.725480556997868,9,0.0,0
forums,0,2.584962500721156,6,0.0,0
farm8.static,0,3.2516291673878226,12,0.16666666666666666,1
story,0,2.321928094887362,5,0.0,0
researchbriefings,0,3.292770193936991,17,0.0,0
council,0,2.5216406363433186,7,0.0,0
battlelog,0,2.725480556997868,9,0.0,0
img383,0,2.251629167387823,6,0.5,0
cul,0,1.584962500721156,3,0.0,0
adserver,0,2.5,8,0.0,0
img1,0,2.0,4,0.25,0
www.adidasultraboost,0,3.446439344671015,20,0.05,1
health,0,2.2516291673878226,6,0.0,0
images-eu,0,2.94770277922009,9,0.1111111111111111,0
window,0,2.2516291673878226,6,0.0,0
rss,0,0.9182958340544896,3,0.0,0
digital,0,2.5216406363433186,7,0.0,0
forms,0,2.321928094887362,5,0.0,0
anpc,0,2.0,4,0.0,0
adidasultraboost,0,3.202819531114783,16,0.0,0
house,0,2.321928094887362,5,0.0,0
tgl,0,1.584962500721156,3,0.0,0
linux,0,2.321928094887362,5,0.0,0
nb,0,1.0,2,0.0,0
webmaster,0,2.94770277922009,9,0.0,0
open.qzone,0,2.721928094887362,10,0.1,1
kingcameranfoundation,0,3.5944656369614516,21,0.0,0
obrnadzor,0,2.725480556997868,9,0.0,0
ww2,0,0.9182958340544896,3,0.3333333333333333,0
lookaside,0,2.94770277922009,9,0.0,0
kadet,0,2.321928094887362,5,0.0,0
www.nmg,0,2.1280852788913944,7,0.14285714285714285,1
thumbnail.image,0,3.5068905956085183,15,0.06666666666666667,1
school-collection,0,3.0574760762899316,17,0.058823529411764705,0
sike,0,2.0,4,0.0,0
www.xj,0,1.7924812503605778,6,0.16666666666666666,1
hansard,0,2.5216406363433186,7,0.0,0
widgets.itunes,0,3.2359263506290334,14,0.07142857142857142,1
sina,0,2.0,4,0.0,0
corp,0,2.0,4,0.0,0
gkcx,0,2.0,4,0.0,0
i12,0,1.584962500721156,3,0.6666666666666666,0
rcm-uk,0,2.584962500721156,6,0.16666666666666666,0
channelstore,0,3.2516291673878226,12,0.0,0
ask,0,1.584962500721156,3,0.0,0
mfa,0,1.584962500721156,3,0.0,0
ege,0,0.9182958340544896,3,0.0,0
oa,0,1.0,2,0.0,0
gongyi,0,2.2516291673878226,6,0.0,0
mediad,0,2.2516291673878226,6,0.0,0
ssl,0,0.9182958340544896,3,0.0,0
cdn3,0,2.0,4,0.25,0
vocal-buzz,0,3.1219280948873624,10,0.1,0
gr,0,1.0,2,0.0,0
www.ha,0,1.7924812503605778,6,0.16666666666666666,1
forum,0,2.321928094887362,5,0.0,0
lineit,0,2.2516291673878226,6,0.0,0
www.sx,0,1.7924812503605778,6,0.16666666666666666,1
lentreprise,0,2.8453509366224368,11,0.0,0
scottish,0,2.5,8,0.0,0
leg1,0,2.0,4,0.25,0
static,0,2.2516291673878226,6,0.0,0
career5,0,2.2359263506290326,7,0.14285714285714285,0
cdn11,0,1.9219280948873623,5,0.4,0
wh,0,1.0,2,0.0,0
mon,0,1.584962500721156,3,0.0,0
grad-schools.usnews,0,3.7216117239699,19,0.10526315789473684,1
mansted.dk,0,3.1219280948873624,10,0.1,1
flashservice,0,3.2516291673878226,12,0.0,0
tspu,0,2.0,4,0.0,0
c8,0,1.0,2,0.5,0
huanyan,0,2.2359263506290326,7,0.0,0
cdn.images,0,3.321928094887362,10,0.1,1
mhqy,0,2.0,4,0.0,0
travel,0,2.584962500721156,6,0.0,0
www.us,0,1.7924812503605778,6,0.16666666666666666,1
sandbox4,0,3.0,8,0.125,0
life-study1984,0,3.8073549220576055,14,0.35714285714285715,0
j,0,-0.0,1,0.0,0
jsyzh,0,2.321928094887362,5,0.0,0
fcior,0,2.321928094887362,5,0.0,0
img,0,1.584962500721156,3,0.0,0
nikezoom,0,2.75,8,0.0,0
coachfactoryoutlet-storeonline,0,3.6695767463163933,30,0.03333333333333333,0
photo,0,1.9219280948873623,5,0.0,0
physics,0,2.521640636343318,7,0.0,0
hips,0,2.0,4,0.0,0
ywzxdy,0,2.2516291673878226,6,0.0,0
zwfw-new,0,2.4056390622295662,8,0.125,0
page.auctions,0,3.5465935642949384,13,0.07692307692307693,1
yt3,0,1.584962500721156,3,0.3333333333333333,0
sdlushuyan,0,2.9219280948873623,10,0.0,0
monclers,0,3.0,8,0.0,0
ad2,0,1.584962500721156,3,0.3333333333333333,0
mnr,0,1.584962500721156,3,0.0,0
function,0,2.75,8,0.0,0
bbg,0,0.9182958340544896,3,0.0,0
phpfmg,0,2.2516291673878226,6,0.0,0
www.hi,0,1.7924812503605778,6,0.16666666666666666,1
et,0,1.0,2,0.0,0
a,0,-0.0,1,0.0,0
byzh,0,2.0,4,0.0,0
baby,0,1.5,4,0.0,0
minpromtorg,0,2.9139770731827523,11,0.0,0
premier,0,2.2359263506290326,7,0.0,0
scontent-frx5-1,0,3.506890595608518,15,0.26666666666666666,0
ad.jp.ap,0,2.25,8,0.25,2
pandoracharms,0,3.180832987205441,13,0.0,0
love,0,2.0,4,0.0,0
sh,0,1.0,2,0.0,0
buyamoxicillin,0,3.3248629576173565,14,0.0,0
studentlife,0,3.0957952550009344,11,0.0,0
i3,0,1.0,2,0.5,0
www.tj,0,1.7924812503605778,6,0.16666666666666666,1
aldradach,0,2.4193819456463714,9,0.0,0
katespadehandbagsclearance,0,3.488525294897748,26,0.0,0
www.katespadehandbagsclearance,0,3.698068512058838,30,0.03333333333333333,1
publicfiles,0,3.095795255000934,11,0.0,0
stocks.finance,0,3.378783493486176,14,0.07142857142857142,1
rivals,0,2.584962500721156,6,0.0,0
mipu,0,2.0,4,0.0,0
fms,0,1.584962500721156,3,0.0,0
uggsoutletofficials,0,3.4058222502856905,19,0.0,0
pandora-jewelry,0,3.5068905956085183,15,0.06666666666666667,0
www.uggsoutletofficials,0,3.6211755429194716,23,0.043478260869565216,1
home,0,2.0,4,0.0,0
jb,0,1.0,2,0.0,0
www.pradaoutletonlinestore,0,3.661226256269789,26,0.038461538461538464,1
pradaoutletonlinestore,0,3.447401504705915,22,0.0,0
lottery,0,2.5216406363433186,7,0.0,0
ed,0,1.0,2,0.0,0
module,0,2.584962500721156,6,0.0,0
newbalance-shoes,0,3.327819531114783,16,0.0625,0
jurasskpark,0,2.7321588913645702,11,0.0,0
da-dk,0,1.9219280948873623,5,0.2,0
demo,0,2.0,4,0.0,0
eshop,0,2.321928094887362,5,0.0,0
book,0,1.5,4,0.0,0
fitflops-sale-clearance,0,3.555533151426996,23,0.08695652173913043,0
www.fitflops-sale-clearance,0,3.7541634277688805,27,0.1111111111111111,1
skechersshoes-outlet,0,3.221928094887362,20,0.05,0
tadalafil,0,2.4193819456463714,9,0.0,0
lv,0,1.0,2,0.0,0
thecorner,0,2.725480556997868,9,0.0,0
license,0,2.521640636343318,7,0.0,0
zwfw,0,1.5,4,0.0,0
be,0,1.0,2,0.0,0
www.gx,0,1.7924812503605778,6,0.16666666666666666,1
files,0,2.321928094887362,5,0.0,0
s012,0,2.0,4,0.75,0
www.tomsshoes,0,2.8150724101159437,13,0.07692307692307693,1
bsaa,0,1.5,4,0.0,0
bsu,0,1.584962500721156,3,0.0,0
www.sc,0,1.7924812503605778,6,0.16666666666666666,1
b2binfo,0,2.5216406363433186,7,0.14285714285714285,0
comic,0,1.9219280948873623,5,0.0,0
us,0,1.0,2,0.0,0
themes,0,2.2516291673878226,6,0.0,0
insanityworkout,0,3.373557262275185,15,0.0,0
scontent-sea1-1,0,3.106890595608519,15,0.26666666666666666,0
dc.watch,0,2.75,8,0.125,1
edu,0,1.584962500721156,3,0.0,0
bbs2,0,1.5,4,0.25,0
press,0,1.9219280948873623,5,0.0,0
pt.afl,0,2.584962500721156,6,0.16666666666666666,1
www2,0,0.8112781244591328,4,0.25,0
espanol,0,2.807354922057604,7,0.0,0
dba,0,1.584962500721156,3,0.0,0
foro,0,1.5,4,0.0,0
canadagoosejacketsshop,0,3.481714572986072,22,0.0,0
projectreporter,0,2.656564762130954,15,0.0,0
demo2,0,2.321928094887362,5,0.2,0
yyk,0,0.9182958340544896,3,0.0,0
longchamp-outletstore,0,3.7489948035250964,21,0.047619047619047616,0
rs,0,1.0,2,0.0,0
zhongce,0,2.807354922057604,7,0.0,0
syndication,0,3.095795255000934,11,0.0,0
game,0,2.0,4,0.0,0
cheapjordansfor-sale,0,3.6841837197791887,20,0.05,0
bg.ac,0,2.321928094887362,5,0.2,1
nikeoutletonlinestore,0,3.141619208183979,21,0.0,0
honey,0,2.321928094887362,5,0.0,0
fadm,0,2.0,4,0.0,0
cadw,0,2.0,4,0.0,0
tomsk,0,2.321928094887362,5,0.0,0
ethos,0,2.321928094887362,5,0.0,0
bash,0,2.0,4,0.0,0
pm1,0,1.584962500721156,3,0.3333333333333333,0
nc,0,1.0,2,0.0,0
sweden,0,2.2516291673878226,6,0.0,0
af,0,1.0,2,0.0,0
thumbs1,0,2.807354922057604,7,0.14285714285714285,0
m-mip,0,1.9219280948873623,5,0.2,0
www.cheapofficialjerseys,0,3.7720552088742005,24,0.041666666666666664,1
nikeairmax90,0,3.2516291673878226,12,0.16666666666666666,0
ux,0,1.0,2,0.0,0
asv,0,1.584962500721156,3,0.0,0
yafeiml,0,2.807354922057604,7,0.0,0
ka,0,1.0,2,0.0,0
ko-kr,0,1.9219280948873623,5,0.2,0
minenergo,0,2.725480556997868,9,0.0,0
drivers,0,2.5216406363433186,7,0.0,0
smiles,0,2.2516291673878226,6,0.0,0
atasehir,0,2.75,8,0.0,0
rk,0,1.0,2,0.0,0
affiliates,0,2.721928094887362,10,0.0,0
donate,0,2.584962500721156,6,0.0,0
coachoutletsstorefactory,0,3.386842188131012,24,0.0,0
emall,0,1.9219280948873623,5,0.0,0
asi,0,1.584962500721156,3,0.0,0
scontent-amt2-1,0,3.3232314287976203,15,0.26666666666666666,0
customer,0,3.0,8,0.0,0
rpx,0,1.584962500721156,3,0.0,0
bj,0,1.0,2,0.0,0
nz,0,1.0,2,0.0,0
sc02,0,2.0,4,0.5,0
people,0,1.9182958340544893,6,0.0,0
jordans,0,2.807354922057604,7,0.0,0
partner,0,2.5216406363433186,7,0.0,0
slide.sports,0,3.188721875540867,12,0.08333333333333333,1
nikeairmax,0,2.9219280948873623,10,0.0,0
minobrnauki,0,3.0957952550009344,11,0.0,0
property,0,2.5,8,0.0,0
thomas-sabos,0,2.8553885422075336,12,0.08333333333333333,0
minsport,0,3.0,8,0.0,0
bestpage24,0,3.121928094887362,10,0.2,0
cyb3rpunk,0,3.169925001442312,9,0.1111111111111111,0
imstore,0,2.807354922057604,7,0.0,0
lroc.sese,0,2.725480556997868,9,0.1111111111111111,1
the-northface,0,3.238901256602631,13,0.07692307692307693,0
blogs,0,2.321928094887362,5,0.0,0
moxy-hotels,0,3.2776134368191165,11,0.09090909090909091,0
longchampoutletonline,0,3.52257158913636,21,0.0,0
reeboks,0,2.5216406363433186,7,0.0,0
jordan,0,2.584962500721156,6,0.0,0
hogans,0,2.584962500721156,6,0.0,0
long-champ,0,3.321928094887362,10,0.1,0
nike-store,0,3.121928094887362,10,0.1,0
michaelkors,0,3.459431618637298,11,0.0,0
salomonshoes,0,2.792481250360578,12,0.0,0
oakleys,0,2.807354922057604,7,0.0,0
nike-airmax,0,3.0957952550009344,11,0.09090909090909091,0
adidasshoes,0,2.663532754804255,11,0.0,0
vansschuhe,0,2.9219280948873623,10,0.0,0
raybans,0,2.5216406363433186,7,0.0,0
airmax,0,2.2516291673878226,6,0.0,0
pradas,0,2.2516291673878226,6,0.0,0
cg,0,1.0,2,0.0,0
magnet,0,2.584962500721156,6,0.0,0
desk,0,2.0,4,0.0,0
sounds,0,2.2516291673878226,6,0.0,0
wapyyk,0,2.251629167387823,6,0.0,0
sakha,0,1.9219280948873623,5,0.0,0
foundation,0,2.9219280948873623,10,0.0,0
zzlz,0,0.8112781244591328,4,0.0,0
nfljerseysonline,0,3.1556390622295662,16,0.0,0
creditcard,0,2.721928094887362,10,0.0,0
vn,0,1.0,2,0.0,0
marvelcinematicuniverse,0,3.4472624994412104,23,0.0,0
st,0,1.0,2,0.0,0
btn,0,1.584962500721156,3,0.0,0
www.retro-jordan,0,3.2806390622295662,16,0.125,1
www.toryburchoff,0,3.327819531114783,16,0.0625,1
www.sxzx,0,2.1556390622295662,8,0.125,1
www.coachoutletsstore,0,3.427333493898265,21,0.047619047619047616,1
kroky,0,1.9219280948873623,5,0.0,0
hollisteronlineshop,0,3.221097250057957,19,0.0,0
www.longchamp-outlets,0,3.880179922675737,21,0.09523809523809523,1
c-rockwork,0,2.5219280948873624,10,0.1,0
brand,0,2.321928094887362,5,0.0,0
ugg,0,0.9182958340544896,3,0.0,0
scontent-lax3-1,0,3.506890595608518,15,0.26666666666666666,0
fskn,0,2.0,4,0.0,0
www.insanity,0,2.8553885422075336,12,0.08333333333333333,1
sms,0,0.9182958340544896,3,0.0,0
ach,0,1.584962500721156,3,0.0,0
roskachestvo,0,3.2516291673878226,12,0.0,0
nav,0,1.584962500721156,3,0.0,0
nike-shoes,0,2.9219280948873623,10,0.1,0
www.moncleroutletstores,0,3.435755433941628,23,0.043478260869565216,1
explore,0,2.5216406363433186,7,0.0,0
school,0,2.251629167387823,6,0.0,0
mai,0,1.584962500721156,3,0.0,0
structure,0,2.5032583347756456,9,0.0,0
converse-schuhe,0,3.1898980954642875,15,0.06666666666666667,0
ralphlaurens,0,3.084962500721156,12,0.0,0
recruiting2,0,3.0957952550009344,11,0.09090909090909091,0
tse2.mm,0,2.521640636343318,7,0.2857142857142857,1
swarovskisoutlet,0,3.452819531114783,16,0.0,0
rgl,0,1.584962500721156,3,0.0,0
asp,0,1.584962500721156,3,0.0,0
arso,0,2.0,4,0.0,0
baidianfeng,0,2.9139770731827523,11,0.0,0
goto,0,1.5,4,0.0,0
adidas-shoes,0,2.8553885422075336,12,0.08333333333333333,0
stream,0,2.584962500721156,6,0.0,0
burberryoutletonline,0,3.246439344671015,20,0.0,0
hollister,0,2.94770277922009,9,0.0,0
cdn10,0,2.321928094887362,5,0.4,0
portal,0,2.584962500721156,6,0.0,0
verify,0,2.584962500721156,6,0.0,0
huarache,0,2.5,8,0.0,0
newbalanceschuhe,0,3.202819531114783,16,0.0,0
www.maccosmeticsofficial,0,3.4387218755408675,24,0.041666666666666664,1
maccosmeticsofficial,0,3.1841837197791887,20,0.0,0
rpn,0,1.584962500721156,3,0.0,0
ub,0,1.0,2,0.0,0
nikerosherun,0,3.0849625007211556,12,0.0,0
swarovskionlineshop,0,3.536886723742167,19,0.0,0
akon,0,2.0,4,0.0,0
wap,0,1.584962500721156,3,0.0,0
tai,0,1.584962500721156,3,0.0,0
journal,0,2.807354922057604,7,0.0,0
parliament,0,3.121928094887362,10,0.0,0
jabra,0,1.9219280948873623,5,0.0,0
eng,0,1.584962500721156,3,0.0,0
ksassets,0,2.0,8,0.0,0
nike-rosherun,0,3.238901256602631,13,0.07692307692307693,0
message,0,2.2359263506290326,7,0.0,0
gossluzhba,0,3.121928094887362,10,0.0,0
bygda,0,2.321928094887362,5,0.0,0
home-rent,0,2.94770277922009,9,0.1111111111111111,0
nac,0,1.584962500721156,3,0.0,0
nike-huarache,0,3.238901256602631,13,0.07692307692307693,0
guba,0,2.0,4,0.0,0
podvignaroda,0,3.084962500721156,12,0.0,0
michaelkorsoutletks,0,3.6163485660751644,19,0.0,0
www.michaelkorsoutletks,0,3.795088586397733,23,0.043478260869565216,1
my.bookmark,0,2.9139770731827523,11,0.09090909090909091,1
air-maxschoenen,0,3.5068905956085192,15,0.06666666666666667,0
ved,0,1.584962500721156,3,0.0,0
raybans-outlet,0,3.521640636343319,14,0.07142857142857142,0
rndschool61,0,3.277613436819116,11,0.18181818181818182,0
horlogesrolexs,0,2.8962915290459277,14,0.0,0
visa,0,2.0,4,0.0,0
ak1,0,1.584962500721156,3,0.3333333333333333,0
d26lpennugtm8s,0,3.6644977792004623,14,0.21428571428571427,0
tommyhilfigers,0,3.521640636343319,14,0.0,0
at,0,1.0,2,0.0,0
chiebukuro,0,3.121928094887362,10,0.0,0
legisquebec,0,3.027169118440619,11,0.0,0
cce,0,0.9182958340544896,3,0.0,0
nikeairforce,0,3.084962500721156,12,0.0,0
www.bt,0,1.7924812503605778,6,0.16666666666666666,1
epaper,0,1.9182958340544893,6,0.0,0
parlament,0,2.94770277922009,9,0.0,0
care,0,2.0,4,0.0,0
coachoutletstoreonline,0,3.3908054820769817,22,0.0,0
main,0,2.0,4,0.0,0
mathscinet,0,3.121928094887362,10,0.0,0
law,0,1.584962500721156,3,0.0,0
adidasschuhe-online,0,3.511085408180427,19,0.05263157894736842,0
v2,0,1.0,2,0.5,0
www.library,0,2.8453509366224368,11,0.09090909090909091,1
businessnetwork,0,3.32323142879762,15,0.0,0
sa,0,1.0,2,0.0,0
puma-shoes,0,3.121928094887362,10,0.1,0
nike-schoenen,0,2.9689185639620974,13,0.07692307692307693,0
birkenstockshoes,0,3.327819531114783,16,0.0,0
opinion,0,1.9502120649147465,7,0.0,0
adidassuper-star,0,3.1556390622295662,16,0.0625,0
cdmd,0,1.5,4,0.0,0
gia,0,1.584962500721156,3,0.0,0
ac,0,1.0,2,0.0,0
cheap--nfljerseys,0,3.572469458770136,17,0.11764705882352941,0
lilun,0,1.9219280948873623,5,0.0,0
birkenstocks,0,3.2516291673878226,12,0.0,0
licee,0,1.9219280948873623,5,0.0,0
ta,0,1.0,2,0.0,0
wsxf,0,2.0,4,0.0,0
mailhide,0,2.75,8,0.0,0
businesswales,0,2.9312089489103235,13,0.0,0
www.louisvuittonoutlet,0,3.265583322887733,22,0.045454545454545456,1
pfp,0,0.9182958340544896,3,0.0,0
cscs,0,1.0,4,0.0,0
mk,0,1.0,2,0.0,0
look,0,1.5,4,0.0,0
paperplanes,0,2.663532754804255,11,0.0,0
moncler,0,2.807354922057604,7,0.0,0
poloralphlaurens,0,3.202819531114783,16,0.0,0
isport,0,2.584962500721156,6,0.0,0
dingli,0,2.2516291673878226,6,0.0,0
vans-schuhe,0,3.095795255000934,11,0.09090909090909091,0
www.noe,0,2.1280852788913944,7,0.14285714285714285,1
monitor,0,2.5216406363433186,7,0.0,0
strong,0,2.584962500721156,6,0.0,0
buyamitriptyline,0,3.452819531114783,16,0.0,0
portico,0,2.5216406363433186,7,0.0,0
search.cn,0,2.94770277922009,9,0.1111111111111111,1
zz,0,-0.0,2,0.0,0
audit,0,2.321928094887362,5,0.0,0
converse,0,2.75,8,0.0,0
audycje,0,2.807354922057604,7,0.0,0
motherhood,0,2.6464393446710153,10,0.0,0
electrician,0,2.9139770731827523,11,0.0,0
is1-ssl,0,2.1280852788913944,7,0.2857142857142857,0
salomon-schuhe,0,3.378783493486176,14,0.07142857142857142,0
nikeshoesoutlet,0,3.1898980954642875,15,0.0,0
fsa,0,1.584962500721156,3,0.0,0
reebok,0,2.2516291673878226,6,0.0,0
nike-air-max,0,3.084962500721156,12,0.16666666666666666,0
fpu,0,1.584962500721156,3,0.0,0
centralbrunei,0,3.238901256602631,13,0.0,0
www.dom,0,2.1280852788913944,7,0.14285714285714285,1
autogallery,0,3.0957952550009344,11,0.0,0
beta,0,2.0,4,0.0,0
rayban,0,2.2516291673878226,6,0.0,0
duna-anapa,0,2.3219280948873626,10,0.1,0
air-max,0,2.5216406363433186,7,0.14285714285714285,0
michaeljordan,0,3.5465935642949384,13,0.0,0
ipp,0,0.9182958340544896,3,0.0,0
un,0,1.0,2,0.0,0
tommy-hilfiger,0,3.521640636343319,14,0.07142857142857142,0
nike-schuhe,0,3.095795255000934,11,0.09090909090909091,0
hogan,0,2.321928094887362,5,0.0,0
perpustakaan,0,3.0220552088742005,12,0.0,0
unam,0,2.0,4,0.0,0
kedokterannuklir,0,3.327819531114783,16,0.0,0
thenorthface,0,3.084962500721156,12,0.0,0
leverage,0,2.4056390622295662,8,0.0,0
chechnya,0,2.5,8,0.0,0
prada,0,1.9219280948873623,5,0.0,0
michael-kors-taschen,0,3.721928094887362,20,0.1,0
nikestore,0,2.94770277922009,9,0.0,0
erotv,0,2.321928094887362,5,0.0,0
oakley,0,2.584962500721156,6,0.0,0
longchamp,0,3.169925001442312,9,0.0,0
liveweb,0,2.521640636343318,7,0.0,0
nike-skor,0,2.94770277922009,9,0.1111111111111111,0
cfeef,0,1.5219280948873621,5,0.0,0
psychology,0,2.9219280948873623,10,0.0,0
d4ak,0,2.0,4,0.25,0
www.coris,0,2.6416041678685933,9,0.1111111111111111,1
anapa-alrosa,0,2.617492461184755,12,0.08333333333333333,0
face,0,2.0,4,0.0,0
kobieta,0,2.807354922057604,7,0.0,0
www.revenue,0,2.5949066182439395,11,0.09090909090909091,1
vr4nchb9ktq.c,0,3.5465935642949384,13,0.23076923076923078,1
transport,0,2.725480556997868,9,0.0,0
www.sub,0,2.1280852788913944,7,0.14285714285714285,1
adidas,0,1.9182958340544893,6,0.0,0
ics,0,1.584962500721156,3,0.0,0
tgp,0,1.584962500721156,3,0.0,0
canadagooses,0,2.855388542207534,12,0.0,0
securepubads.g,0,3.3787834934861767,14,0.07142857142857142,1
jmp,0,1.584962500721156,3,0.0,0
publicapps,0,2.8464393446710154,10,0.0,0
uniyar,0,2.584962500721156,6,0.0,0
pandora,0,2.5216406363433186,7,0.0,0
pxl,0,1.584962500721156,3,0.0,0
hollister-abercrombie,0,3.5585186130489057,21,0.047619047619047616,0
yiyuan,0,2.2516291673878226,6,0.0,0
wapask,0,2.2516291673878226,6,0.0,0
hgtvhome,0,2.75,8,0.0,0
pdt,0,1.584962500721156,3,0.0,0
www.michaelkorsfactory-outletonline,0,4.071581588126283,35,0.05714285714285714,1
forestryandland,0,3.373557262275186,15,0.0,0
sr.gov,0,2.584962500721156,6,0.16666666666666666,1
tambov,0,2.584962500721156,6,0.0,0
dogcat,0,2.584962500721156,6,0.0,0
hwb,0,1.584962500721156,3,0.0,0
win10,0,2.321928094887362,5,0.4,0
rsu,0,1.584962500721156,3,0.0,0
muzyka,0,2.584962500721156,6,0.0,0
uhren-shop,0,3.121928094887362,10,0.1,0
name,0,2.0,4,0.0,0
thomas-sabo,0,2.913977073182752,11,0.09090909090909091,0
scrf,0,2.0,4,0.0,0
hubei,0,2.321928094887362,5,0.0,0
xin,0,1.584962500721156,3,0.0,0
hogas,0,2.321928094887362,5,0.0,0
svr,0,1.584962500721156,3,0.0,0
tables,0,2.584962500721156,6,0.0,0
istina,0,2.2516291673878226,6,0.0,0
zj,0,1.0,2,0.0,0
19,0,1.0,2,1.0,0
pansionat,0,2.725480556997868,9,0.0,0
wapask-mip,0,2.9219280948873623,10,0.1,0
polytechnic,0,3.277613436819116,11,0.0,0
adidasboost,0,2.7321588913645702,11,0.0,0
www.adidasboost,0,3.056564762130954,15,0.06666666666666667,1
cf,0,1.0,2,0.0,0
anonim,0,2.2516291673878226,6,0.0,0
wz,0,1.0,2,0.0,0
royal-navy,0,2.9219280948873623,10,0.1,0
amnesty,0,2.807354922057604,7,0.0,0
s266,0,1.5,4,0.75,0
vsp,0,1.584962500721156,3,0.0,0
freedomain,0,3.121928094887362,10,0.0,0
gs,0,1.0,2,0.0,0
nikeairmax-90,0,3.3927474104487847,13,0.23076923076923078,0
c-home2014,0,3.321928094887362,10,0.5,0
uggboots,0,2.5,8,0.0,0
www.connect,0,2.663532754804255,11,0.09090909090909091,1
www.coachoutletfactoryonlinestores,0,3.7970421653407156,34,0.029411764705882353,1
coachoutletfactoryonlinestores,0,3.602910079649727,30,0.0,0
park20,0,2.584962500721156,6,0.3333333333333333,0
union,0,1.9219280948873623,5,0.0,0
its,0,1.584962500721156,3,0.0,0
ugg-australia,0,3.0269868333592873,13,0.07692307692307693,0
futurerussia,0,2.8553885422075336,12,0.0,0
comment,0,2.5216406363433186,7,0.0,0
167,0,1.584962500721156,3,1.0,0
edm,0,1.584962500721156,3,0.0,0
calendar,0,2.75,8,0.0,0
vspu,0,2.0,4,0.0,0
gz,0,1.0,2,0.0,0
www6,0,0.8112781244591328,4,0.25,0
ecsocman,0,2.75,8,0.0,0
astravo,0,2.5216406363433186,7,0.0,0
tadacipbest,0,3.0957952550009344,11,0.0,0
pandorajewelryofficialsite,0,3.8441065448145375,26,0.0,0
imstars,0,2.5216406363433186,7,0.0,0
ky,0,1.0,2,0.0,0
historical,0,3.121928094887362,10,0.0,0
transparency,0,3.0849625007211556,12,0.0,0
susu,0,1.0,4,0.0,0
event,0,1.9219280948873623,5,0.0,0
lkfl,0,1.5,4,0.0,0
yubik,0,2.321928094887362,5,0.0,0
dataprotection,0,3.182005814760214,14,0.0,0
toryburchonlineoutlet,0,3.463280517810811,21,0.0,0
polo-outletonline,0,2.984234164652489,17,0.058823529411764705,0
urc,0,1.584962500721156,3,0.0,0
images2,0,2.807354922057604,7,0.14285714285714285,0
ict,0,1.584962500721156,3,0.0,0
magnum,0,2.2516291673878226,6,0.0,0
vapormaxs,0,2.94770277922009,9,0.0,0
vita,0,2.0,4,0.0,0
marbau,0,2.2516291673878226,6,0.0,0
classic,0,2.2359263506290326,7,0.0,0
ee,0,-0.0,2,0.0,0
adilet,0,2.584962500721156,6,0.0,0
szb,0,1.584962500721156,3,0.0,0
shihan,0,2.2516291673878226,6,0.0,0
pfo,0,1.584962500721156,3,0.0,0
consult,0,2.807354922057604,7,0.0,0
attpoland,0,2.725480556997868,9,0.0,0
cdsads,0,1.9182958340544893,6,0.0,0
uggs,0,1.5,4,0.0,0
www3,0,0.8112781244591328,4,0.25,0
www.coachoutlet,0,3.189898095464287,15,0.06666666666666667,1
oakleysunglassesoky,0,3.1952959344962166,19,0.0,0
publishers,0,3.121928094887362,10,0.0,0
episod,0,2.584962500721156,6,0.0,0
mpei,0,2.0,4,0.0,0
search.discuz,0,3.3927474104487847,13,0.07692307692307693,1
cdna,0,2.0,4,0.0,0
mizunoshoes,0,3.095795255000934,11,0.0,0
h5,0,1.0,2,0.5,0
wanwan,0,1.584962500721156,6,0.0,0
syria,0,2.321928094887362,5,0.0,0
pic.news,0,3.0,8,0.125,1
fadn,0,2.0,4,0.0,0
rosleshoz,0,2.725480556997868,9,0.0,0
google,0,1.9182958340544893,6,0.0,0
www.discountasicsshoes,0,3.4428621651554656,22,0.045454545454545456,1
discountasicsshoes,0,3.1916116417513782,18,0.0,0
bvi,0,1.584962500721156,3,0.0,0
bizweb,0,2.2516291673878226,6,0.0,0
mzz,0,0.9182958340544896,3,0.0,0
collection,0,2.721928094887362,10,0.0,0
wpdemo-env.brjsnrgrpj.us-west-2,0,4.018081793978685,31,0.1935483870967742,2
nikeshoes,0,2.725480556997868,9,0.0,0
nebih,0,2.321928094887362,5,0.0,0
german,0,2.584962500721156,6,0.0,0
nikeshoess,0,2.6464393446710153,10,0.0,0
yuqing,0,2.584962500721156,6,0.0,0
shedevr,0,2.5216406363433186,7,0.0,0
bm,0,1.0,2,0.0,0
adidassuperstarsshoes,0,3.141619208183979,21,0.0,0
justiceservices,0,3.006238928653389,15,0.0,0
sealserver,0,2.4464393446710155,10,0.0,0
mathematica,0,2.663532754804255,11,0.0,0
ignus,0,2.321928094887362,5,0.0,0
charmspandora,0,3.180832987205441,13,0.0,0
realestate,0,2.4464393446710155,10,0.0,0
idp,0,1.584962500721156,3,0.0,0
coco-chanel,0,2.845350936622437,11,0.09090909090909091,0
hk,0,1.0,2,0.0,0
jordan11winlike96,0,3.734521664779752,17,0.23529411764705882,0
zapret-info,0,3.459431618637298,11,0.09090909090909091,0
30,0,1.0,2,1.0,0
www.oakleysunglassesoks,0,3.377278130987436,23,0.043478260869565216,1
privacy,0,2.807354922057604,7,0.0,0
education,0,3.169925001442312,9,0.0,0
fish,0,2.0,4,0.0,0
mod,0,1.584962500721156,3,0.0,0
parkour,0,2.5216406363433186,7,0.0,0
michael-kors,0,3.584962500721156,12,0.08333333333333333,0
acceptable,0,2.721928094887362,10,0.0,0
viper,0,2.321928094887362,5,0.0,0
doubleyourprofit,0,3.452819531114783,16,0.0,0
xorg,0,2.0,4,0.0,0
eken,0,1.5,4,0.0,0
uggboots-sale,0,3.238901256602631,13,0.07692307692307693,0
www.uggboots-sale,0,3.4548223999466066,17,0.11764705882352941,1
sf,0,1.0,2,0.0,0
humanities,0,3.121928094887362,10,0.0,0
weekly,0,2.2516291673878226,6,0.0,0
jokesland,0,3.169925001442312,9,0.0,0
global,0,2.2516291673878226,6,0.0,0
www.vapormaxplus,0,3.452819531114783,16,0.0625,1
buy,0,1.584962500721156,3,0.0,0
standart,0,2.5,8,0.0,0
zhuce,0,2.321928094887362,5,0.0,0
yqlj,0,2.0,4,0.0,0
huizhan,0,2.5216406363433186,7,0.0,0
commonslibrary,0,3.378783493486176,14,0.0,0
government,0,2.9219280948873623,10,0.0,0
yuanjian,0,2.5,8,0.0,0
minprom,0,2.5216406363433186,7,0.0,0
ell,0,0.9182958340544896,3,0.0,0
wsd,0,1.584962500721156,3,0.0,0
tritel,0,2.2516291673878226,6,0.0,0
weibo,0,2.321928094887362,5,0.0,0
img14,0,2.321928094887362,5,0.4,0
encyclopedia,0,3.2516291673878226,12,0.0,0
france,0,2.584962500721156,6,0.0,0
cialis,0,2.2516291673878226,6,0.0,0
gtzyt,0,1.9219280948873623,5,0.0,0
vlada,0,1.9219280948873623,5,0.0,0
romhacking,0,3.321928094887362,10,0.0,0
blogownik,0,2.94770277922009,9,0.0,0
zvezda,0,2.2516291673878226,6,0.0,0
rkf,0,1.584962500721156,3,0.0,0
cheman,0,2.584962500721156,6,0.0,0
kerch,0,2.321928094887362,5,0.0,0
test6,0,1.9219280948873623,5,0.2,0
soft,0,2.0,4,0.0,0
palyazat,0,2.4056390622295662,8,0.0,0
allamkincstar,0,3.180832987205441,13,0.0,0
olympus,0,2.807354922057604,7,0.0,0
dresserie,0,2.197159723424149,9,0.0,0
kh,0,1.0,2,0.0,0
pornmd,0,2.584962500721156,6,0.0,0
nucleus,0,2.5216406363433186,7,0.0,0
edmi,0,2.0,4,0.0,0
zhenyan,0,2.521640636343318,7,0.0,0
jin,0,1.584962500721156,3,0.0,0
hongcai,0,2.807354922057604,7,0.0,0
lkt,0,1.584962500721156,3,0.0,0
burberryoutletoff,0,3.1018812234760182,17,0.0,0
shehui,0,2.2516291673878226,6,0.0,0
www.cheap--nfljersey,0,3.746439344671015,20,0.15,1
shell,0,1.9219280948873623,5,0.0,0
coins,0,2.321928094887362,5,0.0,0
sevastopol,0,2.9219280948873623,10,0.0,0
bft,0,1.584962500721156,3,0.0,0
nevyansk,0,2.75,8,0.0,0
test,0,1.5,4,0.0,0
fso,0,1.584962500721156,3,0.0,0
www.compas,0,2.8464393446710154,10,0.1,1
lady,0,2.0,4,0.0,0
catalogue,0,2.94770277922009,9,0.0,0
dawnofwar,0,2.725480556997868,9,0.0,0
webservice,0,2.8464393446710154,10,0.0,0
liverussia,0,2.9219280948873623,10,0.0,0
nike-airhuarache,0,3.202819531114783,16,0.0625,0
mall,0,1.5,4,0.0,0
www.faropavia,0,2.9689185639620974,13,0.07692307692307693,1
vip,0,1.584962500721156,3,0.0,0
www.geox,0,2.4056390622295662,8,0.125,1
geox,0,2.0,4,0.0,0
sharepoint,0,3.321928094887362,10,0.0,0
zijn,0,2.0,4,0.0,0
hichannel,0,2.725480556997868,9,0.0,0
nike-freerun,0,2.8553885422075336,12,0.08333333333333333,0
coachbagsoutlet,0,3.3735572622751855,15,0.0,0
airmax-schoenen,0,3.5068905956085192,15,0.06666666666666667,0
tw.search.buy,0,3.5465935642949384,13,0.15384615384615385,2
yeezysupply,0,2.663532754804255,11,0.0,0
www.yeezysupply,0,3.0062389286533895,15,0.06666666666666667,1
banking,0,2.5216406363433186,7,0.0,0
shenzhen,0,2.25,8,0.0,0
jakirower,0,2.94770277922009,9,0.0,0
www.nikeoutletonlineshopping,0,3.6280852788913944,28,0.03571428571428571,1
zzz,0,-0.0,3,0.0,0
raidcall,0,2.5,8,0.0,0
apollo-ireland,0,3.182005814760214,14,0.07142857142857142,0
ugatu,0,1.9219280948873623,5,0.0,0
nt,0,1.0,2,0.0,0
justice,0,2.807354922057604,7,0.0,0
com,0,1.584962500721156,3,0.0,0
parikmaher,0,2.9219280948873623,10,0.0,0
ind5,0,2.0,4,0.25,0
eunet,0,1.9219280948873623,5,0.0,0
sweetmeet,0,2.0588138903312014,9,0.0,0
school44,0,2.5,8,0.25,0
hq,0,1.0,2,0.0,0
statistica,0,2.2464393446710154,10,0.0,0
mari-el,0,2.807354922057604,7,0.14285714285714285,0
finland,0,2.5216406363433186,7,0.0,0
7799,0,1.0,4,1.0,0
www.mizunorunningshoes,0,3.51602764126623,22,0.045454545454545456,1
sucai,0,2.321928094887362,5,0.0,0
mstu,0,2.0,4,0.0,0
category,0,3.0,8,0.0,0
bruss,0,1.9219280948873623,5,0.0,0
indprop,0,2.521640636343318,7,0.0,0
distilleryimage2.s3,0,3.681880802803401,19,0.15789473684210525,1
carmarthenshire,0,3.1898980954642875,15,0.0,0
nbajerseyscheapwholesale,0,3.5383201891060003,24,0.0,0
allpix,0,2.2516291673878226,6,0.0,0
openinstalljump,0,3.5068905956085183,15,0.0,0
v6.player,0,3.169925001442312,9,0.2222222222222222,1
uolhost,0,2.5216406363433186,7,0.0,0
madou259,0,3.0,8,0.375,0
buylevitraonline,0,3.5,16,0.0,0
international,0,2.873140679513133,13,0.0,0
ua,0,1.0,2,0.0,0
www.omsk,0,2.4056390622295662,8,0.125,1
dziennik,0,2.5,8,0.0,0
redirect.appmetrica,0,3.2210972500579573,19,0.05263157894736842,1
poloralphlauren,0,3.0565647621309533,15,0.0,0
img2,0,2.0,4,0.25,0
bf,0,1.0,2,0.0,0
bdk,0,1.584962500721156,3,0.0,0
488,0,0.9182958340544896,3,1.0,0
mddsz,0,1.9219280948873623,5,0.0,0
tvunderground,0,3.085055102756477,13,0.0,0
deti,0,2.0,4,0.0,0
zjgold,0,2.584962500721156,6,0.0,0
pnu,0,1.584962500721156,3,0.0,0
coupon.m,0,2.75,8,0.125,1
ziliao,0,2.2516291673878226,6,0.0,0
atq.ck,0,2.584962500721156,6,0.16666666666666666,1
xnxxpornoxnxx,0,1.9877733714879842,13,0.0,0
jingluocuimian,0,3.182005814760214,14,0.0,0
guides,0,2.584962500721156,6,0.0,0
sgg,0,0.9182958340544896,3,0.0,0
repairguide,0,2.9139770731827523,11,0.0,0
mizs,0,2.0,4,0.0,0
czm-volga,0,3.169925001442312,9,0.1111111111111111,0
temai.m,0,2.5216406363433186,7,0.14285714285714285,1
fund,0,2.0,4,0.0,0
www.michaelkors-outletonlinesale,0,3.890319531114783,32,0.0625,1
michaelkors-outletonlinesale,0,3.708966082694624,28,0.03571428571428571,0
ivanovo,0,2.2359263506290326,7,0.0,0
discom,0,2.584962500721156,6,0.0,0
jinrong,0,2.5216406363433186,7,0.0,0
shouyou,0,2.2359263506290326,7,0.0,0
findyourmp,0,3.321928094887362,10,0.0,0
pekanbaru,0,2.94770277922009,9,0.0,0
slova,0,2.321928094887362,5,0.0,0
sociology,0,2.6416041678685933,9,0.0,0
salebuy,0,2.807354922057604,7,0.0,0
dogana,0,2.251629167387823,6,0.0,0
sao,0,1.584962500721156,3,0.0,0
playroom,0,2.75,8,0.0,0
australia-stage,0,3.106890595608518,15,0.06666666666666667,0
digma,0,2.321928094887362,5,0.0,0
aveiro,0,2.584962500721156,6,0.0,0
dxb,0,1.584962500721156,3,0.0,0
cl,0,1.0,2,0.0,0
cps,0,1.584962500721156,3,0.0,0
moonshinecreek,0,3.182005814760214,14,0.0,0
nso,0,1.584962500721156,3,0.0,0
mgul,0,2.0,4,0.0,0
e-uprava,0,2.75,8,0.125,0
employment,0,2.9219280948873623,10,0.0,0
naoke,0,2.321928094887362,5,0.0,0
fano,0,2.0,4,0.0,0
images-gmi-pmc,0,3.039148671903071,14,0.14285714285714285,0
www.nfljerseysofficialshop,0,3.8441065448145375,26,0.038461538461538464,1
rent,0,2.0,4,0.0,0
index,0,2.321928094887362,5,0.0,0
imagescdn,0,3.169925001442312,9,0.0,0
kmbdf,0,2.321928094887362,5,0.0,0
ess,0,0.9182958340544896,3,0.0,0
movingimage,0,2.9139770731827523,11,0.0,0
pwnd,0,2.0,4,0.0,0
s12,0,1.584962500721156,3,0.6666666666666666,0
counter,0,2.807354922057604,7,0.0,0
erostone,0,2.5,8,0.0,0
ab,0,1.0,2,0.0,0
i851,0,2.0,4,0.75,0
rgutis,0,2.584962500721156,6,0.0,0
ads,0,1.584962500721156,3,0.0,0
fu,0,1.0,2,0.0,0
wbc,0,1.584962500721156,3,0.0,0
all-cs,0,2.2516291673878226,6,0.16666666666666666,0
sealinfo,0,3.0,8,0.0,0
afflnk,0,2.2516291673878226,6,0.0,0
artifact,0,2.5,8,0.0,0
dujia,0,2.321928094887362,5,0.0,0
biol,0,2.0,4,0.0,0
affiliatesys,0,2.9182958340544896,12,0.0,0
yhmf,0,2.0,4,0.0,0
rosnedra,0,2.75,8,0.0,0
1v1d1e1lmiki1lgcvx32p49h8fe-wpengine,0,4.215354779870081,36,0.3055555555555556,0
kamchatka,0,2.4193819456463714,9,0.0,0
sakhalin,0,2.75,8,0.0,0
df,0,1.0,2,0.0,0
zrr269,0,2.2516291673878226,6,0.5,0
photos3,0,2.5216406363433186,7,0.14285714285714285,0
direct,0,2.584962500721156,6,0.0,0
pics,0,2.0,4,0.0,0
events,0,2.2516291673878226,6,0.0,0
honda,0,2.321928094887362,5,0.0,0
nike-skors,0,2.9219280948873623,10,0.1,0
ns.ac,0,2.321928094887362,5,0.2,1
hilmawan.blogs,0,3.521640636343319,14,0.07142857142857142,1
proverki,0,2.75,8,0.0,0
annuaire,0,2.5,8,0.0,0
converseschuhe,0,3.039148671903071,14,0.0,0
mfinante,0,2.75,8,0.0,0
mobiloil,0,2.25,8,0.0,0
statik,0,2.2516291673878226,6,0.0,0
comps,0,2.321928094887362,5,0.0,0
links,0,2.321928094887362,5,0.0,0
business,0,2.4056390622295662,8,0.0,0
emet,0,1.5,4,0.0,0
bacalaureat,0,2.7321588913645707,11,0.0,0
comunicatii,0,2.845350936622437,11,0.0,0
dianxian,0,2.25,8,0.0,0
34rfwef2sdf,0,3.027169118440619,11,0.2727272727272727,0
office,0,2.2516291673878226,6,0.0,0
chromeheart,0,2.9139770731827523,11,0.0,0
house-md,0,3.0,8,0.125,0
iem,0,1.584962500721156,3,0.0,0
zinkiu,0,2.2516291673878226,6,0.0,0
irk,0,1.584962500721156,3,0.0,0
www.fr,0,1.7924812503605778,6,0.16666666666666666,1
www.sbr,0,2.1280852788913944,7,0.14285714285714285,1
ereffccdsdfhrd,0,2.699513850319966,14,0.0,0
crimea,0,2.584962500721156,6,0.0,0
imagesonline,0,3.084962500721156,12,0.0,0
sdfsd2dsa,0,2.113283334294875,9,0.1111111111111111,0
faqs,0,2.0,4,0.0,0
pcash,0,2.321928094887362,5,0.0,0
rc,0,1.0,2,0.0,0
zaozerskdou4,0,3.2516291673878226,12,0.08333333333333333,0
bkfud634,0,3.0,8,0.375,0
fsd24ffsf,0,2.058813890331201,9,0.2222222222222222,0
sdfsdr34fdsf2,0,2.6031579868726,13,0.23076923076923078,0
webww,0,1.3709505944546687,5,0.0,0
bbc,0,0.9182958340544896,3,0.0,0
mavrommatis,0,2.845350936622437,11,0.0,0
dfsf34czxc,0,2.9219280948873623,10,0.2,0
fsdf34fsdfsd,0,2.1258145836939115,12,0.16666666666666666,0
rrry3dttetrefer,0,2.498929563690935,15,0.06666666666666667,0
skracam,0,2.521640636343318,7,0.0,0
fyrlvldkrefer,0,2.8731406795131336,13,0.0,0
big5,0,2.0,4,0.25,0
dldltspvpps4,0,2.6887218755408666,12,0.08333333333333333,0
sdf34fsdt3,0,2.521928094887362,10,0.3,0
luxury,0,2.2516291673878226,6,0.0,0
down,0,2.0,4,0.0,0
telecom,0,2.5216406363433186,7,0.0,0
khlfglrdppesv,0,3.3927474104487847,13,0.0,0
rastko.org,0,2.9219280948873623,10,0.1,1
sfdff3fsdf,0,1.7609640474436812,10,0.1,0
jarasinfo,0,2.94770277922009,9,0.0,0
svadba,0,2.2516291673878226,6,0.0,0
marriott,0,2.5,8,0.0,0
superforum,0,2.9219280948873623,10,0.0,0
leienhenger,0,2.5503407095463886,11,0.0,0
tinhte,0,2.2516291673878226,6,0.0,0
antanta,0,1.5566567074628228,7,0.0,0
school2-aksay,0,3.238901256602631,13,0.15384615384615385,0
ip.affiliate,0,2.8553885422075336,12,0.08333333333333333,1
sou,0,1.584962500721156,3,0.0,0
zspk,0,2.0,4,0.0,0
ecoaula,0,2.521640636343318,7,0.0,0
mop,0,1.584962500721156,3,0.0,0
miem,0,1.5,4,0.0,0
ke,0,1.0,2,0.0,0
www.gov,0,2.1280852788913944,7,0.14285714285714285,1
pic,0,1.584962500721156,3,0.0,0
imm,0,0.9182958340544896,3,0.0,0
atemi,0,2.321928094887362,5,0.0,0
artclassic,0,2.7219280948873625,10,0.0,0
nefmi,0,2.321928094887362,5,0.0,0
botanical,0,2.94770277922009,9,0.0,0
www.swarovskisjewelry,0,3.422577995321604,21,0.047619047619047616,1
onlinecasinodeutschland,0,3.480083695187448,23,0.0,0
ballonger,0,2.94770277922009,9,0.0,0
read,0,2.0,4,0.0,0
bike,0,2.0,4,0.0,0
simplesolutions,0,3.189898095464287,15,0.0,0
technolog,0,2.94770277922009,9,0.0,0
opendata,0,2.75,8,0.0,0
fpi,0,1.584962500721156,3,0.0,0
historydoc,0,3.121928094887362,10,0.0,0
foodstandards,0,2.873140679513133,13,0.0,0
louis-vuitton-taschen,0,3.5944656369614516,21,0.09523809523809523,0
nemzetipark,0,3.2776134368191165,11,0.0,0
movie,0,2.321928094887362,5,0.0,0
sac,0,1.584962500721156,3,0.0,0
stat,0,1.5,4,0.0,0
newbalance,0,2.721928094887362,10,0.0,0
blpc,0,2.0,4,0.0,0
ogyei,0,2.321928094887362,5,0.0,0
rfbk,0,2.0,4,0.0,0
da,0,1.0,2,0.0,0
sysimages,0,2.6416041678685933,9,0.0,0
alumni,0,2.584962500721156,6,0.0,0
ulkk,0,1.5,4,0.0,0
www.jordan11winlike82,0,3.7256507561120933,21,0.23809523809523808,1
yyac,0,1.5,4,0.0,0
fgyp,0,2.0,4,0.0,0
danas,0,1.9219280948873623,5,0.0,0
heyi,0,2.0,4,0.0,0
codeblog,0,2.75,8,0.0,0
kiqs,0,2.0,4,0.0,0
zzog,0,1.5,4,0.0,0
cabinet,0,2.807354922057604,7,0.0,0
images-i,0,2.75,8,0.125,0
i96,0,1.584962500721156,3,0.6666666666666666,0
bpui,0,2.0,4,0.0,0
msek,0,2.0,4,0.0,0
hk.finance,0,3.121928094887362,10,0.1,1
fs18,0,2.0,4,0.5,0
ios,0,1.584962500721156,3,0.0,0
thepoint,0,2.75,8,0.0,0
or,0,1.0,2,0.0,0
qmhi,0,2.0,4,0.0,0
minstm,0,2.2516291673878226,6,0.0,0
klzy,0,2.0,4,0.0,0
www.nikeairmax-270,0,3.6835423624332306,18,0.2777777777777778,1
minsk,0,2.321928094887362,5,0.0,0
lizx,0,2.0,4,0.0,0
tuan,0,2.0,4,0.0,0
odnb,0,2.0,4,0.0,0
kirsoft,0,2.807354922057604,7,0.0,0
uggsboots,0,2.5032583347756456,9,0.0,0
azino77,0,2.521640636343318,7,0.2857142857142857,0
uggs-boots,0,2.7219280948873625,10,0.1,0
uzxx,0,1.5,4,0.0,0
fasi,0,2.0,4,0.0,0
alania,0,1.7924812503605778,6,0.0,0
digitalmusicnews,0,3.577819531114783,16,0.0,0
novsu,0,2.321928094887362,5,0.0,0
ycdx,0,2.0,4,0.0,0
prme,0,2.0,4,0.0,0
geetha,0,2.2516291673878226,6,0.0,0
zai,0,1.584962500721156,3,0.0,0
baraholka,0,2.6416041678685933,9,0.0,0
aquafan,0,2.1280852788913944,7,0.0,0
foreign,0,2.807354922057604,7,0.0,0
dblw,0,2.0,4,0.0,0
multimedia,0,2.9219280948873623,10,0.0,0
ens,0,1.584962500721156,3,0.0,0
okm,0,1.584962500721156,3,0.0,0
natures,0,2.807354922057604,7,0.0,0
nxci,0,2.0,4,0.0,0
ahhw,0,1.5,4,0.0,0
nkfih,0,2.321928094887362,5,0.0,0
mylene,0,2.251629167387823,6,0.0,0
tviplayer,0,3.169925001442312,9,0.0,0
unuh,0,1.5,4,0.0,0
oqtz,0,2.0,4,0.0,0
wbcs,0,2.0,4,0.0,0
syyv,0,1.5,4,0.0,0
canada-goose,0,3.0220552088742005,12,0.08333333333333333,0
orsm,0,2.0,4,0.0,0
qsci,0,2.0,4,0.0,0
mvro,0,2.0,4,0.0,0
vestnik,0,2.807354922057604,7,0.0,0
nkh,0,1.584962500721156,3,0.0,0
kosmos-x,0,2.5,8,0.125,0
camera,0,2.2516291673878226,6,0.0,0
wohj,0,2.0,4,0.0,0
mgrt,0,2.0,4,0.0,0
skazka,0,1.9182958340544893,6,0.0,0
laue,0,2.0,4,0.0,0
cixo,0,2.0,4,0.0,0
mz,0,1.0,2,0.0,0
zf,0,1.0,2,0.0,0
xqkt,0,2.0,4,0.0,0
biko,0,2.0,4,0.0,0
utrish,0,2.584962500721156,6,0.0,0
ujszechenyiterv,0,3.5898980954642865,15,0.0,0
budget,0,2.584962500721156,6,0.0,0
sztnh,0,2.321928094887362,5,0.0,0
ocala,0,1.9219280948873623,5,0.0,0
forum-sportowe,0,3.3248629576173574,14,0.07142857142857142,0
issp,0,1.5,4,0.0,0
mti,0,1.584962500721156,3,0.0,0
sc,0,1.0,2,0.0,0
neuro,0,2.321928094887362,5,0.0,0
mayweathervsmaidanalive,0,3.551191174465697,23,0.0,0
cors,0,2.0,4,0.0,0
tetradka,0,2.5,8,0.0,0
tanjug.co,0,3.169925001442312,9,0.1111111111111111,1
zx,0,1.0,2,0.0,0
szpi,0,2.0,4,0.0,0
tuvi,0,2.0,4,0.0,0
rayban-outlet,0,3.3927474104487847,13,0.07692307692307693,0
windxp,0,2.584962500721156,6,0.0,0
eap,0,1.584962500721156,3,0.0,0
anzhuo,0,2.584962500721156,6,0.0,0
autosport,0,2.725480556997868,9,0.0,0
jw,0,1.0,2,0.0,0
der,0,1.584962500721156,3,0.0,0
parnu,0,2.321928094887362,5,0.0,0
smb,0,1.584962500721156,3,0.0,0
blic.co,0,2.521640636343318,7,0.14285714285714285,1
show,0,2.0,4,0.0,0
vns,0,1.584962500721156,3,0.0,0
teddylsd,0,2.4056390622295662,8,0.0,0
audio-ssl.itunes,0,3.452819531114783,16,0.125,1
cluster26763,0,3.4182958340544896,12,0.4166666666666667,0
sev,0,1.584962500721156,3,0.0,0
foreignaffairs,0,3.039148671903071,14,0.0,0
moi,0,1.584962500721156,3,0.0,0
mcafee,0,2.2516291673878226,6,0.0,0
eurovision,0,2.9219280948873623,10,0.0,0
admitere,0,2.75,8,0.0,0
haerbin,0,2.807354922057604,7,0.0,0
dom,0,1.584962500721156,3,0.0,0
lingkun,0,2.5216406363433186,7,0.0,0
tommy-hilfigers,0,3.6402239289418516,15,0.06666666666666667,0
tyc,0,1.584962500721156,3,0.0,0
turgenev,0,2.75,8,0.0,0
dj,0,1.0,2,0.0,0
offers,0,2.2516291673878226,6,0.0,0
mygameforums,0,3.188721875540867,12,0.0,0
zhuanti,0,2.807354922057604,7,0.0,0
fatalenergy,0,3.0957952550009344,11,0.0,0
www.windowsticker,0,3.286895754518763,17,0.058823529411764705,1
mrp-listings,0,3.2516291673878226,12,0.08333333333333333,0
cosmo,0,1.9219280948873623,5,0.0,0
tj,0,1.0,2,0.0,0
brzs,0,2.0,4,0.0,0
ssa,0,0.9182958340544896,3,0.0,0
ukom,0,2.0,4,0.0,0
nike-airforce,0,3.238901256602631,13,0.07692307692307693,0
bbs1,0,1.5,4,0.25,0
cleft.med,0,2.94770277922009,9,0.1111111111111111,1
sf2,0,1.584962500721156,3,0.3333333333333333,0
wesnoth,0,2.807354922057604,7,0.0,0
fsff,0,0.8112781244591328,4,0.0,0
jfrc,0,2.0,4,0.0,0
rts.co,0,2.584962500721156,6,0.16666666666666666,1
f88,0,0.9182958340544896,3,0.6666666666666666,0
content,0,2.2359263506290326,7,0.0,0
dxw,0,1.584962500721156,3,0.0,0
hastravel,0,2.94770277922009,9,0.0,0
mrs-bartra,0,2.6464393446710157,10,0.1,0
jiancai,0,2.2359263506290326,7,0.0,0
awais,0,1.9219280948873623,5,0.0,0
mnl,0,1.584962500721156,3,0.0,0
crockpot,0,2.5,8,0.0,0
gold,0,2.0,4,0.0,0
boardgames,0,3.121928094887362,10,0.0,0
defenceimagery,0,3.2359263506290334,14,0.0,0
iha,0,1.584962500721156,3,0.0,0
3339,0,0.8112781244591328,4,1.0,0
w-panienski,0,3.095795255000934,11,0.09090909090909091,0
273.adsina,0,3.121928094887362,10,0.4,1
vos,0,1.584962500721156,3,0.0,0
met,0,1.584962500721156,3,0.0,0
auis,0,2.0,4,0.0,0
sexualhealth,0,2.9182958340544896,12,0.0,0
wjw,0,0.9182958340544896,3,0.0,0
gvp,0,1.584962500721156,3,0.0,0
resh,0,2.0,4,0.0,0
gweddill,0,2.5,8,0.0,0
ibrae,0,2.321928094887362,5,0.0,0
ku.m,0,2.0,4,0.25,1
adult.contents,0,3.3248629576173574,14,0.07142857142857142,1
ito,0,1.584962500721156,3,0.0,0
gasu,0,2.0,4,0.0,0
inr,0,1.584962500721156,3,0.0,0
gisp,0,2.0,4,0.0,0
norton,0,1.9182958340544893,6,0.0,0
carrefour-numerique,0,3.326360407952693,19,0.05263157894736842,0
subs,0,1.5,4,0.0,0
www10,0,1.3709505944546687,5,0.4,0
uvo,0,1.584962500721156,3,0.0,0
mnz,0,1.584962500721156,3,0.0,0
nrm,0,1.584962500721156,3,0.0,0
ktelegraf,0,2.94770277922009,9,0.0,0
hirek,0,2.321928094887362,5,0.0,0
wsjkw,0,1.9219280948873623,5,0.0,0
mms,0,0.9182958340544896,3,0.0,0
mf,0,1.0,2,0.0,0
nettdating-gratis,0,3.146286370662105,17,0.058823529411764705,0
ek,0,1.0,2,0.0,0
dailynews,0,3.169925001442312,9,0.0,0
g-search1,0,3.169925001442312,9,0.2222222222222222,0
www.louisvuittonoutlet-stores,0,3.4830050302680133,29,0.06896551724137931,1
estc,0,2.0,4,0.0,0
hjjg,0,1.5,4,0.0,0
sx,0,1.0,2,0.0,0
sl,0,1.0,2,0.0,0
turism,0,2.584962500721156,6,0.0,0
rekn,0,2.0,4,0.0,0
coupe,0,2.321928094887362,5,0.0,0
kozigallas,0,2.9219280948873623,10,0.0,0
site,0,2.0,4,0.0,0
alderney,0,2.75,8,0.0,0
granma,0,2.2516291673878226,6,0.0,0
man,0,1.584962500721156,3,0.0,0
russian-orthodox-church,0,3.5555331514269954,23,0.08695652173913043,0
qvoq,0,1.5,4,0.0,0
burundi,0,2.5216406363433186,7,0.0,0
tabletki-odchudzajace,0,3.7849418274376423,21,0.047619047619047616,0
fpyr,0,2.0,4,0.0,0
icni,0,1.5,4,0.0,0
ioc,0,1.584962500721156,3,0.0,0
uni-vologda,0,3.277613436819116,11,0.09090909090909091,0
bdd-eor,0,2.5216406363433186,7,0.14285714285714285,0
tdxw,0,2.0,4,0.0,0
oymf,0,2.0,4,0.0,0
ired,0,2.0,4,0.0,0
cdn02,0,2.321928094887362,5,0.4,0
rguc,0,2.0,4,0.0,0
wljg,0,2.0,4,0.0,0
zhaojing,0,3.0,8,0.0,0
kwgv,0,2.0,4,0.0,0
customsiliconebraceletscheappwe,0,3.781147020819124,31,0.0,0
mijq,0,2.0,4,0.0,0
estyn,0,2.321928094887362,5,0.0,0
zsys,0,1.5,4,0.0,0
rnfj,0,2.0,4,0.0,0
startelegram,0,2.918295834054489,12,0.0,0
kkpgitamandir,0,3.238901256602631,13,0.0,0
razvoj,0,2.584962500721156,6,0.0,0
ztog,0,2.0,4,0.0,0
thrd,0,2.0,4,0.0,0
pressandpolicy,0,3.521640636343319,14,0.0,0
yfax,0,2.0,4,0.0,0
zvoj,0,2.0,4,0.0,0
dz,0,1.0,2,0.0,0
jrzpapi,0,2.521640636343318,7,0.0,0
apple-iphone,0,3.0220552088742,12,0.08333333333333333,0
ltbk,0,2.0,4,0.0,0
mttd,0,1.5,4,0.0,0
gcct,0,1.5,4,0.0,0
cfa,0,1.584962500721156,3,0.0,0
june-22,0,2.521640636343318,7,0.42857142857142855,0
pcportal,0,2.75,8,0.0,0
upn,0,1.584962500721156,3,0.0,0
qbnw,0,2.0,4,0.0,0
keychainpartsuyg,0,3.75,16,0.0,0
sportwristbandsfl6,0,3.68354236243323,18,0.05555555555555555,0
crystaltips,0,3.095795255000934,11,0.0,0
bklm,0,2.0,4,0.0,0
rgxq,0,2.0,4,0.0,0
rezerv,0,1.9182958340544893,6,0.0,0
sharronclemons,0,3.2359263506290334,14,0.0,0
badnews,0,2.807354922057604,7,0.0,0
qrwm,0,2.0,4,0.0,0
anapa,0,1.3709505944546687,5,0.0,0
dqjob,0,2.321928094887362,5,0.0,0
asklibrary,0,2.9219280948873623,10,0.0,0
kampanie-reklamowe,0,3.4193819456463714,18,0.05555555555555555,0
gdvp,0,2.0,4,0.0,0
uefiscdi,0,2.75,8,0.0,0
fcqy,0,2.0,4,0.0,0
doi,0,1.584962500721156,3,0.0,0
governo,0,2.5216406363433186,7,0.0,0
beta.co,0,2.807354922057604,7,0.14285714285714285,1
njaw,0,2.0,4,0.0,0
porady-transportowe,0,3.43162356584743,19,0.05263157894736842,0
mkgp,0,2.0,4,0.0,0
asu,0,1.584962500721156,3,0.0,0
durs,0,2.0,4,0.0,0
shihuo,0,2.2516291673878226,6,0.0,0
lovequotesrus,0,3.085055102756477,13,0.0,0
mirco,0,2.321928094887362,5,0.0,0
esavjetovanja,0,2.873140679513133,13,0.0,0
whmx,0,2.0,4,0.0,0
ingvarr,0,2.521640636343318,7,0.0,0
adclient,0,3.0,8,0.0,0
cynn,0,1.5,4,0.0,0
aixe,0,2.0,4,0.0,0
reklama-od-podstaw,0,3.5724312513221195,18,0.1111111111111111,0
itp,0,1.584962500721156,3,0.0,0
ncre,0,2.0,4,0.0,0
jetpletters,0,2.59490661824394,11,0.0,0
financeblog,0,3.277613436819116,11,0.0,0
weili,0,1.9219280948873623,5,0.0,0
8.proo,0,2.2516291673878226,6,0.3333333333333333,1
email,0,2.321928094887362,5,0.0,0
isfg,0,2.0,4,0.0,0
9.pojj,0,2.2516291673878226,6,0.3333333333333333,1
nsau,0,2.0,4,0.0,0
fegr,0,2.0,4,0.0,0
tkqe,0,2.0,4,0.0,0
7.qecb,0,2.584962500721156,6,0.3333333333333333,1
1.ggmd,0,2.2516291673878226,6,0.3333333333333333,1
caijing,0,2.5216406363433186,7,0.0,0
polskabiega,0,3.277613436819116,11,0.0,0
zadg,0,2.0,4,0.0,0
cvni,0,2.0,4,0.0,0
prodigi,0,2.521640636343318,7,0.0,0
vnqm,0,2.0,4,0.0,0
9.ogus,0,2.584962500721156,6,0.3333333333333333,1
pylu,0,2.0,4,0.0,0
mrkviz8v7o8,0,3.095795255000934,11,0.2727272727272727,0
gbqp,0,2.0,4,0.0,0
aydc,0,2.0,4,0.0,0
xm,0,1.0,2,0.0,0
kzje,0,2.0,4,0.0,0
sildenafil,0,2.9219280948873623,10,0.0,0
www.chs,0,2.1280852788913944,7,0.14285714285714285,1
eozy,0,2.0,4,0.0,0
dqwn,0,2.0,4,0.0,0
fyqj,0,2.0,4,0.0,0
mzo,0,1.584962500721156,3,0.0,0
jetp,0,2.0,4,0.0,0
snowdonia,0,2.725480556997868,9,0.0,0
hekx,0,2.0,4,0.0,0
goohle,0,2.2516291673878226,6,0.0,0
s1,0,1.0,2,0.5,0
bwxy,0,2.0,4,0.0,0
jheh,0,1.5,4,0.0,0
beograd.org,0,2.913977073182752,11,0.09090909090909091,1
oh,0,1.0,2,0.0,0
10.akjz,0,2.807354922057604,7,0.42857142857142855,1
xjkf,0,2.0,4,0.0,0
electronix,0,3.121928094887362,10,0.0,0
museums,0,1.950212064914747,7,0.0,0
anindiscriminatecollection,0,3.3787271036564657,26,0.0,0
sanu.ac,0,2.5216406363433186,7,0.14285714285714285,1
agwd,0,2.0,4,0.0,0
lodc,0,2.0,4,0.0,0
dyson,0,2.321928094887362,5,0.0,0
uuk,0,0.9182958340544896,3,0.0,0
giantbomb1,0,3.121928094887362,10,0.1,0
8.jaia,0,2.251629167387823,6,0.3333333333333333,1
6.yqpg,0,2.584962500721156,6,0.3333333333333333,1
zakonodaja,0,2.6464393446710153,10,0.0,0
listado,0,2.807354922057604,7,0.0,0
10.jhcn,0,2.807354922057604,7,0.42857142857142855,1
nic,0,1.584962500721156,3,0.0,0
learning,0,2.75,8,0.0,0
smlouvy,0,2.807354922057604,7,0.0,0
kmhd,0,2.0,4,0.0,0
7.mwgl,0,2.584962500721156,6,0.3333333333333333,1
wjzm,0,2.0,4,0.0,0
cs-games,0,2.75,8,0.125,0
8.wdgm,0,2.584962500721156,6,0.3333333333333333,1
vyph,0,2.0,4,0.0,0
wj,0,1.0,2,0.0,0
uclr,0,2.0,4,0.0,0
pwkx,0,2.0,4,0.0,0
mmm,0,-0.0,3,0.0,0
vlk,0,1.584962500721156,3,0.0,0
hxyq,0,2.0,4,0.0,0
gold.money,0,3.121928094887362,10,0.1,1
hssd,0,1.5,4,0.0,0
tienda,0,2.584962500721156,6,0.0,0
vitas,0,2.321928094887362,5,0.0,0
idku,0,2.0,4,0.0,0
utxi,0,2.0,4,0.0,0
vstu,0,2.0,4,0.0,0
kk,0,-0.0,2,0.0,0
izdk,0,2.0,4,0.0,0
kguh,0,2.0,4,0.0,0
qlkm,0,2.0,4,0.0,0
rtbp,0,2.0,4,0.0,0
kairui,0,2.2516291673878226,6,0.0,0
newmofu,0,2.807354922057604,7,0.0,0
mdomsp,0,2.2516291673878226,6,0.0,0
cdyd,0,1.5,4,0.0,0
aduana,0,1.7924812503605778,6,0.0,0
rwc,0,1.584962500721156,3,0.0,0
coopuelo,0,2.4056390622295662,8,0.0,0
gcya,0,2.0,4,0.0,0
7.qzwd,0,2.584962500721156,6,0.3333333333333333,1
nrox,0,2.0,4,0.0,0
3.eyvm,0,2.584962500721156,6,0.3333333333333333,1
ykcc,0,1.5,4,0.0,0
jxze,0,2.0,4,0.0,0
bookin,0,2.2516291673878226,6,0.0,0
grnnet,0,2.2516291673878226,6,0.0,0
domen,0,2.321928094887362,5,0.0,0
litera,0,2.584962500721156,6,0.0,0
fqun,0,2.0,4,0.0,0
xnzo,0,2.0,4,0.0,0
3.jkaw,0,2.584962500721156,6,0.3333333333333333,1
quft,0,2.0,4,0.0,0
bkaq,0,2.0,4,0.0,0
aslz,0,2.0,4,0.0,0
gnar,0,2.0,4,0.0,0
zfpk,0,2.0,4,0.0,0
penza,0,2.321928094887362,5,0.0,0
d1qfj231ug7wdu,0,3.378783493486176,14,0.35714285714285715,0
evaluare,0,2.5,8,0.0,0
mpuy,0,2.0,4,0.0,0
zswf,0,2.0,4,0.0,0
hdds,0,1.5,4,0.0,0
yy,0,-0.0,2,0.0,0
bcft,0,2.0,4,0.0,0
rtfj,0,2.0,4,0.0,0
reklama-w-pigulce,0,3.6168746059562227,17,0.11764705882352941,0
fr.babelfish,0,3.2516291673878226,12,0.08333333333333333,1
ehxo,0,2.0,4,0.0,0
qipq,0,1.5,4,0.0,0
bally,0,1.9219280948873623,5,0.0,0
aeiou,0,2.321928094887362,5,0.0,0
ottm,0,1.5,4,0.0,0
5.unmp,0,2.584962500721156,6,0.3333333333333333,1
yongke,0,2.584962500721156,6,0.0,0
ppt,0,0.9182958340544896,3,0.0,0
hms,0,1.584962500721156,3,0.0,0
3.xbvh,0,2.584962500721156,6,0.3333333333333333,1
khdn,0,2.0,4,0.0,0
irsp,0,2.0,4,0.0,0
nied,0,2.0,4,0.0,0
kqhi,0,2.0,4,0.0,0
baptist,0,2.521640636343318,7,0.0,0
student,0,2.5216406363433186,7,0.0,0
programadiasporacaboverde,0,3.4292750707107125,25,0.0,0
eunx,0,2.0,4,0.0,0
pmec,0,2.0,4,0.0,0
gtqa,0,2.0,4,0.0,0
audiencesniper,0,3.182005814760214,14,0.0,0
bgmu,0,2.0,4,0.0,0
spfg,0,2.0,4,0.0,0
nileriver,0,2.5032583347756456,9,0.0,0
nlva,0,2.0,4,0.0,0
hcjg,0,2.0,4,0.0,0
xiazai,0,1.9182958340544893,6,0.0,0
ucuc,0,1.0,4,0.0,0
xjze,0,2.0,4,0.0,0
csgv,0,2.0,4,0.0,0
huzx,0,2.0,4,0.0,0
wgjp,0,2.0,4,0.0,0
dreamline,0,2.94770277922009,9,0.0,0
freewristbandslk5,0,3.734521664779752,17,0.058823529411764705,0
pushkin,0,2.807354922057604,7,0.0,0
vjxx,0,1.5,4,0.0,0
svwy,0,2.0,4,0.0,0
chgpu,0,2.321928094887362,5,0.0,0
politika.co,0,3.0957952550009344,11,0.09090909090909091,1
2.xovb,0,2.584962500721156,6,0.3333333333333333,1
rkzc,0,2.0,4,0.0,0
djwt,0,2.0,4,0.0,0
ba,0,1.0,2,0.0,0
sionsg,0,2.2516291673878226,6,0.0,0
images-a,0,2.75,8,0.125,0
bcmc,0,1.5,4,0.0,0
jlly,0,1.5,4,0.0,0
lubbock,0,2.5216406363433186,7,0.0,0
lxyu,0,2.0,4,0.0,0
onjn,0,1.5,4,0.0,0
sxfj,0,2.0,4,0.0,0
meii,0,1.5,4,0.0,0
isyc,0,2.0,4,0.0,0
torrentking,0,2.9139770731827523,11,0.0,0
wristbandswholesalezat,0,3.6635327548042538,22,0.0,0
mcrv,0,2.0,4,0.0,0
cokf,0,2.0,4,0.0,0
vbiu,0,2.0,4,0.0,0
gaj,0,1.584962500721156,3,0.0,0
onxt,0,2.0,4,0.0,0
al,0,1.0,2,0.0,0
langologitarok,0,3.039148671903071,14,0.0,0
joyi,0,2.0,4,0.0,0
euiq,0,2.0,4,0.0,0
otrv,0,2.0,4,0.0,0
ep-2018-ironbank,0,3.75,16,0.375,0
pdgb,0,2.0,4,0.0,0
zqaw,0,2.0,4,0.0,0
kmct,0,2.0,4,0.0,0
tbem,0,2.0,4,0.0,0
gvhc,0,2.0,4,0.0,0
qaqm,0,1.5,4,0.0,0
uqih,0,2.0,4,0.0,0
airgun,0,2.584962500721156,6,0.0,0
cdnm,0,2.0,4,0.0,0
hveu,0,2.0,4,0.0,0
fwwe,0,1.5,4,0.0,0
xubf,0,2.0,4,0.0,0
hlwh,0,1.5,4,0.0,0
kieo,0,2.0,4,0.0,0
eyif,0,2.0,4,0.0,0
7.dodw,0,2.2516291673878226,6,0.3333333333333333,1
gai,0,1.584962500721156,3,0.0,0
mju,0,1.584962500721156,3,0.0,0
pgtd,0,2.0,4,0.0,0
kmwa,0,2.0,4,0.0,0
lxqg,0,2.0,4,0.0,0
pass4sure,0,2.6416041678685933,9,0.1111111111111111,0
rpsx,0,2.0,4,0.0,0
s2,0,1.0,2,0.5,0
rgjl,0,2.0,4,0.0,0
icpp,0,1.5,4,0.0,0
d1ipn991zmyfu9,0,3.3248629576173574,14,0.35714285714285715,0
crz,0,1.584962500721156,3,0.0,0
mrlq,0,2.0,4,0.0,0
ddnu,0,1.5,4,0.0,0
cms.events,0,2.9219280948873623,10,0.1,1
kwey,0,2.0,4,0.0,0
krqi,0,2.0,4,0.0,0
ecqh,0,2.0,4,0.0,0
iyhx,0,2.0,4,0.0,0
victory,0,2.807354922057604,7,0.0,0
ccyl,0,1.5,4,0.0,0
vgci,0,2.0,4,0.0,0
obt,0,1.584962500721156,3,0.0,0
images-e,0,2.75,8,0.125,0
imhu,0,2.0,4,0.0,0
epmz,0,2.0,4,0.0,0
iawe,0,2.0,4,0.0,0
iyai,0,1.5,4,0.0,0
kwcm,0,2.0,4,0.0,0
gosstroy,0,2.5,8,0.0,0
cfax,0,2.0,4,0.0,0
recrut,0,2.2516291673878226,6,0.0,0
subiecte,0,2.75,8,0.0,0
ijbu,0,2.0,4,0.0,0
ktub,0,2.0,4,0.0,0
gosudar,0,2.807354922057604,7,0.0,0
byt,0,1.584962500721156,3,0.0,0
www.pandora-jewellery,0,3.4992275417233567,21,0.09523809523809523,1
ylrv,0,2.0,4,0.0,0
810,0,1.584962500721156,3,1.0,0
travels,0,2.807354922057604,7,0.0,0
tgbw,0,2.0,4,0.0,0
vnwp,0,2.0,4,0.0,0
ss1,0,0.9182958340544896,3,0.3333333333333333,0
voda,0,2.0,4,0.0,0
ojib,0,2.0,4,0.0,0
hcsn,0,2.0,4,0.0,0
zjus,0,2.0,4,0.0,0
school113-rnd,0,3.3927474104487847,13,0.3076923076923077,0
mvh,0,1.584962500721156,3,0.0,0
vidod,0,1.9219280948873623,5,0.0,0
gwwk,0,1.5,4,0.0,0
ctqi,0,2.0,4,0.0,0
ghtp,0,2.0,4,0.0,0
fmmb,0,1.5,4,0.0,0
radionet,0,3.0,8,0.0,0
tabletkinapenisa,0,3.202819531114783,16,0.0,0
ni.ac,0,2.321928094887362,5,0.2,1
ssqw,0,1.5,4,0.0,0
lwjn,0,2.0,4,0.0,0
rdaz,0,2.0,4,0.0,0
nfup,0,2.0,4,0.0,0
xniz,0,2.0,4,0.0,0
meto,0,2.0,4,0.0,0
whtx,0,2.0,4,0.0,0
ssif,0,1.5,4,0.0,0
gxaq,0,2.0,4,0.0,0
cgv,0,1.584962500721156,3,0.0,0
fizt,0,2.0,4,0.0,0
mtdf,0,2.0,4,0.0,0
iumg,0,2.0,4,0.0,0
cltj,0,2.0,4,0.0,0
nexya,0,2.321928094887362,5,0.0,0
yib,0,1.584962500721156,3,0.0,0
accessories,0,2.663532754804255,11,0.0,0
ezwa,0,2.0,4,0.0,0
yrsp,0,2.0,4,0.0,0
shifter,0,2.807354922057604,7,0.0,0
zwnn,0,1.5,4,0.0,0
wwzr,0,1.5,4,0.0,0
mfa.gov,0,2.807354922057604,7,0.14285714285714285,1
security,0,3.0,8,0.0,0
ljaf,0,2.0,4,0.0,0
uzvw,0,2.0,4,0.0,0
ymfy,0,1.5,4,0.0,0
krbz,0,2.0,4,0.0,0
azino-777,0,2.6416041678685938,9,0.4444444444444444,0
tokmok,0,1.9182958340544893,6,0.0,0
fxrg,0,2.0,4,0.0,0
9.vmpt,0,2.584962500721156,6,0.3333333333333333,1
mbdg,0,2.0,4,0.0,0
tiip,0,1.5,4,0.0,0
exambasic,0,2.94770277922009,9,0.0,0
buyingbusinesstravel,0,3.584183719779189,20,0.0,0
rqlq,0,1.5,4,0.0,0
dytg,0,2.0,4,0.0,0
suab,0,2.0,4,0.0,0
xqog,0,2.0,4,0.0,0
ohdt,0,2.0,4,0.0,0
kmyh,0,2.0,4,0.0,0
esta,0,2.0,4,0.0,0
komap,0,2.321928094887362,5,0.0,0
trendmicro,0,3.121928094887362,10,0.0,0
lqny,0,2.0,4,0.0,0
aoep,0,2.0,4,0.0,0
ombudsman,0,2.94770277922009,9,0.0,0
dtpv,0,2.0,4,0.0,0
nxrg,0,2.0,4,0.0,0
10.dqrx,0,2.807354922057604,7,0.42857142857142855,1
9.dvhv,0,2.251629167387823,6,0.3333333333333333,1
9.cgkq,0,2.584962500721156,6,0.3333333333333333,1
bdrw,0,2.0,4,0.0,0
tptl,0,1.5,4,0.0,0
diwj,0,2.0,4,0.0,0
qkvp,0,2.0,4,0.0,0
4.bfrd,0,2.584962500721156,6,0.3333333333333333,1
cfsk,0,2.0,4,0.0,0
qppl,0,1.5,4,0.0,0
lrsx,0,2.0,4,0.0,0
tlt,0,0.9182958340544896,3,0.0,0
images-o,0,3.0,8,0.125,0
rjfx,0,2.0,4,0.0,0
bztu,0,2.0,4,0.0,0
zert,0,2.0,4,0.0,0
yuoy,0,1.5,4,0.0,0
1.zrri,0,2.251629167387823,6,0.3333333333333333,1
ldeg,0,2.0,4,0.0,0
shanghai,0,2.5,8,0.0,0
cjxy,0,2.0,4,0.0,0
fly,0,1.584962500721156,3,0.0,0
iwpl,0,2.0,4,0.0,0
rwgw,0,1.5,4,0.0,0
xuow,0,2.0,4,0.0,0
wjph,0,2.0,4,0.0,0
traphouse,0,3.169925001442312,9,0.0,0
tjab,0,2.0,4,0.0,0
tssz,0,1.5,4,0.0,0
srub,0,2.0,4,0.0,0
ltg,0,1.584962500721156,3,0.0,0
dmvj,0,2.0,4,0.0,0
qexh,0,2.0,4,0.0,0
bnje,0,2.0,4,0.0,0
ooax,0,1.5,4,0.0,0
ypkq,0,2.0,4,0.0,0
dckd,0,1.5,4,0.0,0
5.vgpz,0,2.584962500721156,6,0.3333333333333333,1
szmm,0,1.5,4,0.0,0
hbcv,0,2.0,4,0.0,0
aqsw,0,2.0,4,0.0,0
dwbu,0,2.0,4,0.0,0
ugip,0,2.0,4,0.0,0
tzob,0,2.0,4,0.0,0
hjuz,0,2.0,4,0.0,0
fisl,0,2.0,4,0.0,0
cvtl,0,2.0,4,0.0,0
gues,0,2.0,4,0.0,0
cxef,0,2.0,4,0.0,0
ottr,0,1.5,4,0.0,0
gywd,0,2.0,4,0.0,0
byle,0,2.0,4,0.0,0
pyjg,0,2.0,4,0.0,0
qzwr,0,2.0,4,0.0,0
www5,0,0.8112781244591328,4,0.25,0
4.hclf,0,2.584962500721156,6,0.3333333333333333,1
cawp,0,2.0,4,0.0,0
uekd,0,2.0,4,0.0,0
rtvl,0,2.0,4,0.0,0
obchody,0,2.5216406363433186,7,0.0,0
wpkj,0,2.0,4,0.0,0
oypb,0,2.0,4,0.0,0
gieo,0,2.0,4,0.0,0
fxzl,0,2.0,4,0.0,0
dtcsrni,0,2.807354922057604,7,0.0,0
gpuu,0,1.5,4,0.0,0
opieka,0,2.584962500721156,6,0.0,0
xunlei7,0,2.807354922057604,7,0.14285714285714285,0
icjg,0,2.0,4,0.0,0
ofbw,0,2.0,4,0.0,0
actx,0,2.0,4,0.0,0
ecag,0,2.0,4,0.0,0
oqye,0,2.0,4,0.0,0
vbdd,0,1.5,4,0.0,0
stoplinux,0,3.169925001442312,9,0.0,0
zoo,0,0.9182958340544896,3,0.0,0
glas-javnosti.co,0,3.625,16,0.125,1
ytq901,0,2.584962500721156,6,0.5,0
blsw,0,2.0,4,0.0,0
jwla,0,2.0,4,0.0,0
kesj,0,2.0,4,0.0,0
cwdp,0,2.0,4,0.0,0
3.zwfr,0,2.584962500721156,6,0.3333333333333333,1
mxjs,0,2.0,4,0.0,0
insp,0,2.0,4,0.0,0
toshiba,0,2.807354922057604,7,0.0,0
landscape,0,2.94770277922009,9,0.0,0
pkwx,0,2.0,4,0.0,0
dtsq,0,2.0,4,0.0,0
mjqh,0,2.0,4,0.0,0
wsit,0,2.0,4,0.0,0
1.misq,0,2.584962500721156,6,0.3333333333333333,1
lxdl,0,1.5,4,0.0,0
score,0,2.321928094887362,5,0.0,0
hcsc,0,1.5,4,0.0,0
qown,0,2.0,4,0.0,0
tsph,0,2.0,4,0.0,0
oxep,0,2.0,4,0.0,0
ccp,0,0.9182958340544896,3,0.0,0
nzah,0,2.0,4,0.0,0
udys,0,2.0,4,0.0,0
kflk,0,1.5,4,0.0,0
uufl,0,1.5,4,0.0,0
ingt,0,2.0,4,0.0,0
bafd,0,2.0,4,0.0,0
internet,0,2.25,8,0.0,0
preparatynatradzik,0,3.2390979179887864,18,0.0,0
akmc,0,2.0,4,0.0,0
uxza,0,2.0,4,0.0,0
orgo,0,1.5,4,0.0,0
cziu,0,2.0,4,0.0,0
inar,0,2.0,4,0.0,0
hhxe,0,1.5,4,0.0,0
aorj,0,2.0,4,0.0,0
mo,0,1.0,2,0.0,0
gddp,0,1.5,4,0.0,0
okom,0,1.5,4,0.0,0
vube,0,2.0,4,0.0,0
qzks,0,2.0,4,0.0,0
nxwq,0,2.0,4,0.0,0
ocgu,0,2.0,4,0.0,0
fnum,0,2.0,4,0.0,0
hcsg,0,2.0,4,0.0,0
skazki,0,2.2516291673878226,6,0.0,0
jkae,0,2.0,4,0.0,0
mz2plfgh7,0,3.169925001442312,9,0.2222222222222222,0
kim,0,1.584962500721156,3,0.0,0
as,0,1.0,2,0.0,0
dxzs,0,2.0,4,0.0,0
ufvt,0,2.0,4,0.0,0
drqh,0,2.0,4,0.0,0
usxn,0,2.0,4,0.0,0
dina,0,2.0,4,0.0,0
domo,0,1.5,4,0.0,0
ygms,0,2.0,4,0.0,0
tsqs,0,1.5,4,0.0,0
aiox,0,2.0,4,0.0,0
pymf,0,2.0,4,0.0,0
evhp,0,2.0,4,0.0,0
kyag,0,2.0,4,0.0,0
wbxb,0,1.5,4,0.0,0
searcharchives,0,2.950212064914747,14,0.0,0
eojw,0,2.0,4,0.0,0
luld,0,1.5,4,0.0,0
uprava,0,2.251629167387823,6,0.0,0
xjqh,0,2.0,4,0.0,0
fwqr,0,2.0,4,0.0,0
cyuu,0,1.5,4,0.0,0
llkf,0,1.5,4,0.0,0
bim,0,1.584962500721156,3,0.0,0
uztranslations,0,3.2359263506290334,14,0.0,0
whnn,0,1.5,4,0.0,0
jspl,0,2.0,4,0.0,0
oryouri,0,2.2359263506290326,7,0.0,0
betp,0,2.0,4,0.0,0
rhhy,0,1.5,4,0.0,0
neny,0,1.5,4,0.0,0
fnedu,0,2.321928094887362,5,0.0,0
sxp,0,1.584962500721156,3,0.0,0
wrbzx,0,2.321928094887362,5,0.0,0
regal,0,2.321928094887362,5,0.0,0
poligon,0,2.5216406363433186,7,0.0,0
cool-panienski,0,3.378783493486176,14,0.07142857142857142,0
rakipsiztr,0,2.9219280948873623,10,0.0,0
gwkg,0,1.5,4,0.0,0
mvzt,0,2.0,4,0.0,0
hqnp,0,2.0,4,0.0,0
weem,0,1.5,4,0.0,0
bjdw,0,2.0,4,0.0,0
iou,0,1.584962500721156,3,0.0,0
1.wima,0,2.584962500721156,6,0.3333333333333333,1
7.gezn,0,2.584962500721156,6,0.3333333333333333,1
777azino,0,2.4056390622295662,8,0.375,0
rmdx,0,2.0,4,0.0,0
desamaburai,0,3.027169118440619,11,0.0,0
tzxu,0,2.0,4,0.0,0
7.dtpv,0,2.584962500721156,6,0.3333333333333333,1
4you,0,2.0,4,0.25,0
sysadminday,0,2.7321588913645702,11,0.0,0
nzhh,0,1.5,4,0.0,0
ishl,0,2.0,4,0.0,0
iek,0,1.584962500721156,3,0.0,0
5.mxmu,0,2.2516291673878226,6,0.3333333333333333,1
4.tqfz,0,2.584962500721156,6,0.3333333333333333,1
potential,0,2.94770277922009,9,0.0,0
bdpf,0,2.0,4,0.0,0
chqh,0,1.5,4,0.0,0
icp,0,1.584962500721156,3,0.0,0
yfrc,0,2.0,4,0.0,0
tzzy,0,1.5,4,0.0,0
jzrt,0,2.0,4,0.0,0
oart,0,2.0,4,0.0,0
ztc,0,1.584962500721156,3,0.0,0
diagnostics,0,3.0957952550009344,11,0.0,0
gapk,0,2.0,4,0.0,0
kennak,0,1.9182958340544893,6,0.0,0
bsba,0,1.5,4,0.0,0
ztgo,0,2.0,4,0.0,0
agra,0,1.5,4,0.0,0
teleoff,0,2.2359263506290326,7,0.0,0
pups,0,1.5,4,0.0,0
cheap-hosting,0,3.5465935642949384,13,0.07692307692307693,0
rqd,0,1.584962500721156,3,0.0,0
rentsmart,0,2.725480556997868,9,0.0,0
qtjl,0,2.0,4,0.0,0
bjua,0,2.0,4,0.0,0
obly,0,2.0,4,0.0,0
bmku,0,2.0,4,0.0,0
hub,0,1.584962500721156,3,0.0,0
tatyana,0,1.8423709931771088,7,0.0,0
zmdr,0,2.0,4,0.0,0
statesassembly,0,2.8073549220576046,14,0.0,0
inks,0,2.0,4,0.0,0
zmkd,0,2.0,4,0.0,0
ctgg,0,1.5,4,0.0,0
dryer,0,1.9219280948873623,5,0.0,0
sterydy,0,2.521640636343318,7,0.0,0
nrc,0,1.584962500721156,3,0.0,0
sinoptik,0,2.75,8,0.0,0
rdng,0,2.0,4,0.0,0
kdxf,0,2.0,4,0.0,0
ffcn,0,1.5,4,0.0,0
sscq,0,1.5,4,0.0,0
wuvt,0,2.0,4,0.0,0
liner,0,2.321928094887362,5,0.0,0
lvio,0,2.0,4,0.0,0
titularizare,0,2.918295834054489,12,0.0,0
merkurcasino,0,3.418295834054489,12,0.0,0
cdly,0,2.0,4,0.0,0
7.idlc,0,2.584962500721156,6,0.3333333333333333,1
grey-sofa,0,3.169925001442312,9,0.1111111111111111,0
may65,0,2.321928094887362,5,0.4,0
qhlx,0,2.0,4,0.0,0
6.lrdy,0,2.584962500721156,6,0.3333333333333333,1
thumbor-gc,0,3.321928094887362,10,0.1,0
mita,0,2.0,4,0.0,0
sov-art,0,2.807354922057604,7,0.14285714285714285,0
karmatown,0,2.94770277922009,9,0.0,0
planet,0,2.584962500721156,6,0.0,0
fsol,0,2.0,4,0.0,0
7.vwfd,0,2.584962500721156,6,0.3333333333333333,1
nonamills,0,2.725480556997868,9,0.0,0
dinafem,0,2.807354922057604,7,0.0,0
ifus,0,2.0,4,0.0,0
sbs,0,0.9182958340544896,3,0.0,0
courier,0,2.521640636343318,7,0.0,0
graduate,0,2.75,8,0.0,0
sv.gov,0,2.2516291673878226,6,0.16666666666666666,1
uudr,0,1.5,4,0.0,0
yyay,0,0.8112781244591328,4,0.0,0
bcel,0,2.0,4,0.0,0
nwne,0,1.5,4,0.0,0
nwpc,0,2.0,4,0.0,0
sgsy,0,1.5,4,0.0,0
secure2,0,2.5216406363433186,7,0.14285714285714285,0
5.ssyh,0,2.2516291673878226,6,0.3333333333333333,1
8.ndwp,0,2.584962500721156,6,0.3333333333333333,1
wzyk,0,2.0,4,0.0,0
deci,0,2.0,4,0.0,0
odqb,0,2.0,4,0.0,0
zbms,0,2.0,4,0.0,0
ine,0,1.584962500721156,3,0.0,0
lo1,0,1.584962500721156,3,0.3333333333333333,0
fotoart,0,2.2359263506290326,7,0.0,0
kai,0,1.584962500721156,3,0.0,0
wjey,0,2.0,4,0.0,0
6.osxl,0,2.584962500721156,6,0.3333333333333333,1
pewna-apteka2,0,3.0269868333592873,13,0.15384615384615385,0
vqxo,0,2.0,4,0.0,0
eldi,0,2.0,4,0.0,0
5.fxeh,0,2.584962500721156,6,0.3333333333333333,1
lsvs,0,1.5,4,0.0,0
10.pjrw,0,2.807354922057604,7,0.42857142857142855,1
gvsu,0,2.0,4,0.0,0
kzt,0,1.584962500721156,3,0.0,0
grat,0,2.0,4,0.0,0
ar,0,1.0,2,0.0,0
xyyq,0,1.5,4,0.0,0
9.ntgx,0,2.584962500721156,6,0.3333333333333333,1
armyjobs,0,3.0,8,0.0,0
bcb,0,0.9182958340544896,3,0.0,0
rcoo,0,1.5,4,0.0,0
kbimg,0,2.321928094887362,5,0.0,0
vibk,0,2.0,4,0.0,0
xcck,0,1.5,4,0.0,0
ffqx,0,1.5,4,0.0,0
omsk,0,2.0,4,0.0,0
azic,0,2.0,4,0.0,0
url,0,1.584962500721156,3,0.0,0
ls,0,1.0,2,0.0,0
cqcd,0,1.5,4,0.0,0
nawypadaniewlosow,0,3.292770193936991,17,0.0,0
pewna-apteka,0,2.8553885422075336,12,0.08333333333333333,0
4.duto,0,2.584962500721156,6,0.3333333333333333,1
school52,0,2.75,8,0.25,0
feym,0,2.0,4,0.0,0
chpm,0,2.0,4,0.0,0
dzyt,0,2.0,4,0.0,0
okatuning,0,2.94770277922009,9,0.0,0
maxprzek5,0,3.169925001442312,9,0.1111111111111111,0
tzdh,0,2.0,4,0.0,0
cso,0,1.584962500721156,3,0.0,0
operations,0,3.121928094887362,10,0.0,0
unic,0,2.0,4,0.0,0
aurora,0,1.9182958340544893,6,0.0,0
buysale,0,2.807354922057604,7,0.0,0
cqhv,0,2.0,4,0.0,0
qik,0,1.584962500721156,3,0.0,0
yctz,0,2.0,4,0.0,0
powx,0,2.0,4,0.0,0
giit,0,1.5,4,0.0,0
pksm,0,2.0,4,0.0,0
qtsd,0,2.0,4,0.0,0
ikdi,0,1.5,4,0.0,0
official,0,2.5,8,0.0,0
9.qdpy,0,2.584962500721156,6,0.3333333333333333,1
pewna-apteka4,0,3.0269868333592873,13,0.15384615384615385,0
danas.co,0,2.75,8,0.125,1
pufj,0,2.0,4,0.0,0
cdnll,0,1.9219280948873623,5,0.0,0
mss,0,0.9182958340544896,3,0.0,0
skdc,0,2.0,4,0.0,0
nube,0,2.0,4,0.0,0
hoqk,0,2.0,4,0.0,0
reuters,0,2.2359263506290326,7,0.0,0
mhfg,0,2.0,4,0.0,0
9.kvne,0,2.584962500721156,6,0.3333333333333333,1
haedu,0,2.321928094887362,5,0.0,0
clap,0,2.0,4,0.0,0
tao,0,1.584962500721156,3,0.0,0
snowypineswhitelabs,0,3.5766176449086653,19,0.0,0
1.boop,0,2.251629167387823,6,0.3333333333333333,1
ampd,0,2.0,4,0.0,0
wsaf,0,2.0,4,0.0,0
tjky,0,2.0,4,0.0,0
10.uusr,0,2.521640636343318,7,0.42857142857142855,1
puyang,0,2.584962500721156,6,0.0,0
zynd,0,2.0,4,0.0,0
rkno,0,2.0,4,0.0,0
mkeh,0,2.0,4,0.0,0
glqp,0,2.0,4,0.0,0
staging11,0,2.725480556997868,9,0.2222222222222222,0
qbmp,0,2.0,4,0.0,0
10.coqr,0,2.807354922057604,7,0.42857142857142855,1
dstu,0,2.0,4,0.0,0
ilc,0,1.584962500721156,3,0.0,0
tmd56,0,2.321928094887362,5,0.4,0
ilbq,0,2.0,4,0.0,0
kamagra,0,2.1280852788913944,7,0.0,0
maxprzek1,0,3.169925001442312,9,0.1111111111111111,0
pstu,0,2.0,4,0.0,0
assets3,0,2.1280852788913944,7,0.14285714285714285,0
fractal,0,2.5216406363433186,7,0.0,0
kitap,0,2.321928094887362,5,0.0,0
aarw,0,1.5,4,0.0,0
dosw,0,2.0,4,0.0,0
pspo,0,1.5,4,0.0,0
hundeseng,0,2.725480556997868,9,0.0,0
bqvp,0,2.0,4,0.0,0
fotobest,0,2.5,8,0.0,0
rokovania,0,2.725480556997868,9,0.0,0
rili,0,1.5,4,0.0,0
www-ws,0,1.2516291673878228,6,0.16666666666666666,0
konte,0,2.321928094887362,5,0.0,0
centralbank,0,3.095795255000934,11,0.0,0
jobz,0,2.0,4,0.0,0
oicq,0,2.0,4,0.0,0
scp,0,1.584962500721156,3,0.0,0
8.cedk,0,2.584962500721156,6,0.3333333333333333,1
crosdilleisure,0,3.09306920777189,14,0.0,0
gurt,0,2.0,4,0.0,0
rolenacity,0,3.321928094887362,10,0.0,0
twcn,0,2.0,4,0.0,0
linneyfencing,0,2.7773627950641693,13,0.0,0
ewnt,0,2.0,4,0.0,0
qyvy,0,1.5,4,0.0,0
www.westpalmbeach,0,3.381580488309164,17,0.058823529411764705,1
hearst.referrals,0,2.952819531114783,16,0.0625,1
rnfr,0,1.5,4,0.0,0
e-visa,0,2.584962500721156,6,0.16666666666666666,0
chbo,0,2.0,4,0.0,0
wppg,0,1.5,4,0.0,0
powerbuilding,0,3.546593564294939,13,0.0,0
obr-don,0,2.5216406363433186,7,0.14285714285714285,0
3.epmv,0,2.584962500721156,6,0.3333333333333333,1
seekingstyleblog,0,3.327819531114783,16,0.0,0
ghwi,0,2.0,4,0.0,0
pewna-apteka5,0,3.0269868333592873,13,0.15384615384615385,0
cart.payments,0,3.3927474104487847,13,0.07692307692307693,1
4.kxsk,0,2.2516291673878226,6,0.3333333333333333,1
dutchpassion,0,3.4182958340544896,12,0.0,0
icu,0,1.584962500721156,3,0.0,0
cbve,0,2.0,4,0.0,0
ccwn,0,1.5,4,0.0,0
xdzx,0,1.5,4,0.0,0
nwyv,0,2.0,4,0.0,0
bdmb,0,1.5,4,0.0,0
yes,0,1.584962500721156,3,0.0,0
mawr,0,2.0,4,0.0,0
maxprzek,0,3.0,8,0.0,0
maxprzek2,0,3.169925001442312,9,0.1111111111111111,0
berrator,0,2.4056390622295662,8,0.0,0
neak,0,2.0,4,0.0,0
ktmz,0,2.0,4,0.0,0
hopx,0,2.0,4,0.0,0
crtu,0,2.0,4,0.0,0
hipo,0,2.0,4,0.0,0
pewna-apteka1,0,3.0269868333592873,13,0.15384615384615385,0
raw.cdn,0,2.807354922057604,7,0.14285714285714285,1
governmentofvanuatu,0,3.3660913291191923,19,0.0,0
zxkr,0,2.0,4,0.0,0
kvml,0,2.0,4,0.0,0
tdsr,0,2.0,4,0.0,0
khzj,0,2.0,4,0.0,0
sochi,0,2.321928094887362,5,0.0,0
bfvl,0,2.0,4,0.0,0
personalizedkeyringsformencie,0,3.8278326164749097,29,0.0,0
maxprzek3,0,3.169925001442312,9,0.1111111111111111,0
6.zxok,0,2.584962500721156,6,0.3333333333333333,1
dlje,0,2.0,4,0.0,0
riue,0,2.0,4,0.0,0
nbev,0,2.0,4,0.0,0
mfin,0,2.0,4,0.0,0
maxprzek4,0,3.169925001442312,9,0.1111111111111111,0
redir,0,1.9219280948873623,5,0.0,0
ismb,0,2.0,4,0.0,0
gd,0,1.0,2,0.0,0
orv,0,1.584962500721156,3,0.0,0
ormekurtilkat,0,3.238901256602631,13,0.0,0
erqy,0,2.0,4,0.0,0
cuqp,0,2.0,4,0.0,0
gvko,0,2.0,4,0.0,0
1.ehst,0,2.584962500721156,6,0.3333333333333333,1
z65b6,0,1.9219280948873623,5,0.6,0
openet,0,2.2516291673878226,6,0.0,0
www.yic,0,2.1280852788913944,7,0.14285714285714285,1
deputyprimeminister,0,3.3263604079526936,19,0.0,0
statswales,0,2.4464393446710155,10,0.0,0
bgka,0,2.0,4,0.0,0
blst,0,2.0,4,0.0,0
saui,0,2.0,4,0.0,0
archive,0,2.807354922057604,7,0.0,0
wzwy,0,1.5,4,0.0,0
jjqn,0,1.5,4,0.0,0
uni-mindelo,0,3.0957952550009344,11,0.09090909090909091,0
4.yhtu,0,2.584962500721156,6,0.3333333333333333,1
xtbt,0,1.5,4,0.0,0
peoples,0,2.2359263506290326,7,0.0,0
so,0,1.0,2,0.0,0
lmda,0,2.0,4,0.0,0
hbzu,0,2.0,4,0.0,0
91porn,0,2.584962500721156,6,0.3333333333333333,0
language,0,2.5,8,0.0,0
yffi,0,1.5,4,0.0,0
qymq,0,1.5,4,0.0,0
eurasia,0,2.521640636343318,7,0.0,0
8.ezxx,0,2.2516291673878226,6,0.3333333333333333,1
martist,0,2.521640636343318,7,0.0,0
c21,0,1.584962500721156,3,0.6666666666666666,0
deriv,0,2.321928094887362,5,0.0,0
yhfd,0,2.0,4,0.0,0
njjq,0,1.5,4,0.0,0
4.lezk,0,2.584962500721156,6,0.3333333333333333,1
luxg,0,2.0,4,0.0,0
9.ktkj,0,2.2516291673878226,6,0.3333333333333333,1
xgmu,0,2.0,4,0.0,0
4.jdnn,0,2.2516291673878226,6,0.3333333333333333,1
bajo,0,2.0,4,0.0,0
img-l3,0,2.584962500721156,6,0.3333333333333333,0
mnogosofta,0,2.8464393446710154,10,0.0,0
ekqo,0,2.0,4,0.0,0
pzch,0,2.0,4,0.0,0
arrs,0,1.5,4,0.0,0
libguides,0,2.94770277922009,9,0.0,0
tzsj,0,2.0,4,0.0,0
wbvg,0,2.0,4,0.0,0
taikan-karate,0,2.7773627950641693,13,0.07692307692307693,0
banner2,0,2.5216406363433186,7,0.14285714285714285,0
4.fibc,0,2.584962500721156,6,0.3333333333333333,1
narq,0,2.0,4,0.0,0
9.gehr,0,2.584962500721156,6,0.3333333333333333,1
putty,0,1.9219280948873623,5,0.0,0
pewna-apteka3,0,3.0269868333592873,13,0.15384615384615385,0
ndce,0,2.0,4,0.0,0
2.nduw,0,2.584962500721156,6,0.3333333333333333,1
mob,0,1.584962500721156,3,0.0,0
doe,0,1.584962500721156,3,0.0,0
kopilochka,0,2.9219280948873623,10,0.0,0
vote,0,2.0,4,0.0,0
wmforum,0,2.5216406363433186,7,0.0,0
oqik,0,2.0,4,0.0,0
experiment,0,2.8464393446710154,10,0.0,0
helpfvl,0,2.5216406363433186,7,0.0,0
lemf,0,2.0,4,0.0,0
vmwl,0,2.0,4,0.0,0
yduw,0,2.0,4,0.0,0
hozx,0,2.0,4,0.0,0
megionschool3,0,3.334679141051595,13,0.07692307692307693,0
casino,0,2.584962500721156,6,0.0,0
www03,0,1.3709505944546687,5,0.4,0
tjvg,0,2.0,4,0.0,0
oeuc,0,2.0,4,0.0,0
4.xbez,0,2.584962500721156,6,0.3333333333333333,1
inss,0,1.5,4,0.0,0
lygi,0,2.0,4,0.0,0
jsfq,0,2.0,4,0.0,0
baawri,0,2.2516291673878226,6,0.0,0
poox,0,1.5,4,0.0,0
cosmics,0,2.2359263506290326,7,0.0,0
weblisting,0,3.121928094887362,10,0.0,0
sun9-68,0,2.807354922057604,7,0.5714285714285714,0
