lld,label,entropy,length
plus,0,2.0,4
en,0,1.0,2
itunes,0,2.584962500721156,6
play,0,2.0,4
maps,0,2.0,4
player,0,2.584962500721156,6
docs,0,2.0,4
go,0,1.0,2
drive,0,2.321928094887362,5
parked-content,0,3.378783493486176,14
support,0,2.5216406363433186,7
get,0,1.584962500721156,3
sites,0,1.9219280948873623,5
www.ncbi.nlm,0,2.8553885422075336,12
httpd,0,1.9219280948873623,5
ec,0,1.0,2
m,0,-0.0,1
accounts,0,2.75,8
l,0,-0.0,1
wpa,0,1.584962500721156,3
fpdownload,0,2.9219280948873623,10
advancedsearch2,0,3.189898095464287,15
validator,0,2.94770277922009,9
windows,0,2.5216406363433186,7
web,0,1.584962500721156,3
w,0,-0.0,1
api,0,1.584962500721156,3
developers,0,2.8464393446710154,10
bp,0,1.0,2
apps,0,1.5,4
policies,0,2.75,8
mp.weixin,0,2.94770277922009,9
chrome,0,2.584962500721156,6
i0,0,1.0,2
i1,0,1.0,2
mail,0,2.0,4
i2,0,1.0,2
v,0,-0.0,1
open,0,2.0,4
commons,0,2.2359263506290326,7
s3,0,1.0,2
1.bp,0,2.0,4
4.bp,0,2.0,4
2.bp,0,2.0,4
3.bp,0,2.0,4
abcnews,0,2.807354922057604,7
feeds,0,1.9219280948873623,5
www.news,0,2.0,8
fr,0,1.0,2
jigsaw,0,2.584962500721156,6
de,0,1.0,2
translate,0,2.725480556997868,9
dev,0,1.584962500721156,3
money,0,2.321928094887362,5
upload,0,2.584962500721156,6
dx,0,1.0,2
books,0,1.9219280948873623,5
beian,0,2.321928094887362,5
i,0,-0.0,1
codex,0,2.321928094887362,5
t,0,-0.0,1
del,0,1.584962500721156,3
blog,0,2.0,4
es,0,1.0,2
download,0,2.5,8
widgets,0,2.807354922057604,7
store,0,2.321928094887362,5
mobile,0,2.584962500721156,6
scholar,0,2.807354922057604,7
wiki,0,1.5,4
finance,0,2.5216406363433186,7
timesofindia,0,3.188721875540867,12
dl,0,1.0,2
news,0,2.0,4
ru,0,1.0,2
developer,0,2.6416041678685933,9
groups,0,2.584962500721156,6
de-de,0,1.5219280948873621,5
photos,0,2.2516291673878226,6
item,0,2.0,4
webcache,0,2.5,8
platform,0,3.0,8
images,0,2.584962500721156,6
cn,0,1.0,2
jetpack,0,2.807354922057604,7
products,0,3.0,8
pbs,0,1.584962500721156,3
outlook,0,2.1280852788913944,7
cdn,0,1.584962500721156,3
plusone,0,2.807354922057604,7
it,0,1.0,2
economictimes,0,2.931208948910323,13
lh3,0,1.584962500721156,3
feedproxy,0,2.94770277922009,9
papers,0,2.2516291673878226,6
players,0,2.807354922057604,7
market,0,2.584962500721156,6
widget,0,2.584962500721156,6
shang,0,2.321928094887362,5
podcasts,0,2.75,8
webscan,0,2.807354922057604,7
click,0,1.9219280948873623,5
service,0,2.5216406363433186,7
pt,0,1.0,2
e,0,-0.0,1
login,0,2.321928094887362,5
b,0,-0.0,1
storage,0,2.807354922057604,7
ja,0,1.0,2
open.weixin,0,2.913977073182752,11
app,0,0.9182958340544896,3
smile,0,2.321928094887362,5
tv,0,1.0,2
user.qzone,0,3.121928094887362,10
graph,0,2.321928094887362,5
sports,0,2.2516291673878226,6
tech,0,2.0,4
all,0,0.9182958340544896,3
svn,0,1.584962500721156,3
detail,0,2.584962500721156,6
visitor.r20,0,3.0957952550009344,11
ad,0,1.0,2
feedburner,0,2.6464393446710157,10
s.click,0,2.5216406363433186,7
bszs,0,1.5,4
lh4,0,1.584962500721156,3
en-gb,0,2.321928094887362,5
tianqi,0,2.2516291673878226,6
fr-fr,0,1.5219280948873621,5
pecl,0,2.0,4
cts,0,1.584962500721156,3
sns.qzone,0,2.725480556997868,9
in,0,1.0,2
video,0,2.321928094887362,5
s3-eu-west-1,0,2.8553885422075336,12
s-media-cache-ak0,0,3.2927701939369904,17
analytics,0,2.94770277922009,9
bbs,0,0.9182958340544896,3
music,0,2.321928094887362,5
dictionary,0,3.121928094887362,10
www,0,-0.0,3
jq,0,1.0,2
embed,0,1.9219280948873623,5
rover,0,1.9219280948873623,5
fortawesome,0,3.0957952550009344,11
car.auto,0,2.75,8
about,0,2.321928094887362,5
metrika,0,2.807354922057604,7
profiles,0,3.0,8
trends,0,2.584962500721156,6
scontent,0,2.5,8
s3-us-west-2,0,2.792481250360578,12
images-na,0,2.94770277922009,9
ecx,0,1.584962500721156,3
quote,0,2.321928094887362,5
draft,0,2.321928094887362,5
hdl,0,1.584962500721156,3
farm8,0,2.321928094887362,5
search,0,2.584962500721156,6
discussions,0,2.5503407095463886,11
gb,0,1.0,2
publications,0,3.418295834054489,12
www1.folha,0,2.8464393446710154,10
amos,0,2.0,4
uk,0,1.0,2
pypi,0,1.5,4
a.app,0,1.5219280948873621,5
au.news,0,2.807354922057604,7
rcm-na,0,2.584962500721156,6
add.my,0,2.2516291673878226,6
d,0,-0.0,1
connect,0,2.2359263506290326,7
nl,0,1.0,2
ent,0,1.584962500721156,3
med,0,1.584962500721156,3
js,0,1.0,2
top,0,1.584962500721156,3
discuz,0,2.584962500721156,6
edit,0,2.0,4
66.media,0,2.75,8
jbk,0,1.584962500721156,3
e.t,0,1.584962500721156,3
auto,0,2.0,4
www.efsa,0,2.4056390622295662,8
whois,0,2.321928094887362,5
amos.im,0,2.5216406363433186,7
www1,0,0.8112781244591328,4
stock.finance,0,3.3927474104487847,13
shop,0,2.0,4
feeds2,0,2.2516291673878226,6
res,0,1.584962500721156,3
scontent.xx,0,2.913977073182752,11
farm2.static,0,3.2516291673878226,12
s,0,-0.0,1
wpa.b,0,2.321928094887362,5
rcm-eu,0,2.584962500721156,6
fusion,0,2.584962500721156,6
c1,0,1.0,2
farm6,0,2.321928094887362,5
mini,0,1.5,4
v.t,0,1.584962500721156,3
china,0,2.321928094887362,5
data,0,1.5,4
free,0,1.5,4
adsabs,0,1.9182958340544893,6
page,0,2.0,4
stock,0,2.321928094887362,5
clk,0,1.584962500721156,3
scripts,0,2.5216406363433186,7
hao,0,1.584962500721156,3
twitter,0,2.1280852788913944,7
top100,0,2.2516291673878226,6
report,0,2.2516291673878226,6
redirect,0,2.5,8
ss,0,-0.0,2
eric,0,2.0,4
px,0,1.0,2
torgi,0,2.321928094887362,5
live,0,2.0,4
new,0,1.584962500721156,3
store.shopping,0,3.378783493486176,14
farm6.static,0,3.2516291673878226,12
my,0,1.0,2
confluence,0,2.7219280948873625,10
id,0,1.0,2
lcweb2,0,2.584962500721156,6
games,0,2.321928094887362,5
fashion,0,2.807354922057604,7
qq,0,-0.0,2
msdn2,0,2.321928094887362,5
traffic,0,2.521640636343318,7
line,0,2.0,4
www.perseus,0,2.6635327548042547,11
info,0,2.0,4
si,0,1.0,2
product,0,2.807354922057604,7
img156,0,2.584962500721156,6
pravo,0,2.321928094887362,5
zen,0,1.584962500721156,3
car,0,1.584962500721156,3
article,0,2.807354922057604,7
kuaibao,0,2.5216406363433186,7
kb,0,1.0,2
ae01,0,2.0,4
2v,0,1.0,2
yule,0,2.0,4
www.search,0,2.8464393446710154,10
eladies,0,2.5216406363433186,7
zakupki,0,2.5216406363433186,7
duma,0,2.0,4
pubchem.ncbi.nlm,0,3.375,16
wwp,0,0.9182958340544896,3
ypk,0,1.584962500721156,3
farm5,0,2.321928094887362,5
r,0,-0.0,1
world,0,2.321928094887362,5
liuyan,0,2.584962500721156,6
media,0,2.321928094887362,5
credit,0,2.584962500721156,6
pl-pl,0,1.5219280948873621,5
114,0,0.9182958340544896,3
br,0,1.0,2
purchase,0,3.0,8
clck,0,1.5,4
levit,0,2.321928094887362,5
medical-dictionary,0,3.5724312513221195,18
online,0,2.2516291673878226,6
globoesporte,0,3.0220552088742,12
myweb2.search,0,3.5465935642949384,13
img-fotki,0,2.94770277922009,9
img832,0,2.584962500721156,6
encrypted-tbn2,0,3.378783493486176,14
work,0,2.0,4
partners,0,2.75,8
tc,0,1.0,2
cxt,0,1.584962500721156,3
vi,0,1.0,2
www.beian,0,2.6416041678685933,9
www.bj,0,1.7924812503605778,6
mp,0,1.0,2
view,0,2.0,4
petition,0,2.5,8
idinfo,0,2.2516291673878226,6
uland,0,2.321928094887362,5
dict,0,2.0,4
oauth,0,2.321928094887362,5
members,0,2.2359263506290326,7
hb.afl,0,2.584962500721156,6
ca,0,1.0,2
public,0,2.584962500721156,6
cincodias,0,2.725480556997868,9
szcert,0,2.584962500721156,6
3g,0,1.0,2
caigou,0,2.584962500721156,6
rkn,0,1.584962500721156,3
assets,0,1.7924812503605778,6
digi,0,1.5,4
wireless,0,2.5,8
hotels,0,2.584962500721156,6
ck.jp.ap,0,2.5,8
ye,0,1.0,2
vignette.wikia,0,3.182005814760214,14
industry,0,3.0,8
media-cache-ak0,0,3.1898980954642875,15
japan,0,1.9219280948873623,5
farm2,0,2.321928094887362,5
enjoy,0,2.321928094887362,5
secure,0,2.2516291673878226,6
sj,0,1.0,2
mingqi,0,2.2516291673878226,6
s3.ap-northeast-2,0,3.6168746059562227,17
mchs,0,2.0,4
hd,0,1.0,2
thumbs,0,2.584962500721156,6
refer,0,1.5219280948873621,5
pubads.g,0,3.0,8
sd,0,1.0,2
share.v.t,0,2.94770277922009,9
rcm-fe,0,2.584962500721156,6
kyrieirving-shoes,0,3.4548223999466066,17
www.kyrieirving-shoes,0,3.6537567082870006,21
he,0,1.0,2
timeline,0,2.5,8
image,0,2.321928094887362,5
pfu,0,1.584962500721156,3
raf,0,1.584962500721156,3
retro-jordans,0,3.180832987205441,13
track,0,2.321928094887362,5
baike,0,2.321928094887362,5
share,0,2.321928094887362,5
media-cdn,0,2.94770277922009,9
bape-hoodie,0,3.095795255000934,11
regulation,0,3.321928094887362,10
forum.home,0,2.9219280948873623,10
pp,0,-0.0,2
www.airmax270,0,3.180832987205441,13
yeezy700,0,2.25,8
www.yeezy700,0,2.688721875540867,12
www-groups.dcs,0,3.3248629576173574,14
vosdroits,0,2.725480556997868,9
sankei.jp,0,3.169925001442312,9
airmax270,0,2.94770277922009,9
pl,0,1.0,2
myactivity,0,2.7219280948873625,10
saratov,0,2.5216406363433186,7
browser,0,2.5216406363433186,7
army,0,2.0,4
profile,0,2.807354922057604,7
jp,0,1.0,2
bus,0,1.584962500721156,3
boards,0,2.584962500721156,6
fas,0,1.584962500721156,3
ai,0,1.0,2
livedoor,0,2.75,8
gallery,0,2.5216406363433186,7
union-click,0,2.9139770731827523,11
forex,0,2.321928094887362,5
us4,0,1.584962500721156,3
culture,0,2.5216406363433186,7
genproc,0,2.807354922057604,7
ws,0,1.0,2
passport,0,2.5,8
goyard,0,2.584962500721156,6
www.city,0,2.4056390622295662,8
rcm-jp,0,2.584962500721156,6
economy,0,2.5216406363433186,7
ep,0,1.0,2
beijing,0,2.5216406363433186,7
services,0,2.5,8
tr-tr,0,1.5219280948873621,5
club,0,2.0,4
wiadomosci,0,2.9219280948873623,10
preferences-mgr,0,3.0565647621309537,15
royalnavy,0,2.725480556997868,9
forums,0,2.584962500721156,6
farm8.static,0,3.2516291673878226,12
story,0,2.321928094887362,5
researchbriefings,0,3.292770193936991,17
council,0,2.5216406363433186,7
battlelog,0,2.725480556997868,9
img383,0,2.251629167387823,6
cul,0,1.584962500721156,3
adserver,0,2.5,8
img1,0,2.0,4
www.adidasultraboost,0,3.446439344671015,20
health,0,2.2516291673878226,6
images-eu,0,2.94770277922009,9
window,0,2.2516291673878226,6
rss,0,0.9182958340544896,3
digital,0,2.5216406363433186,7
forms,0,2.321928094887362,5
anpc,0,2.0,4
adidasultraboost,0,3.202819531114783,16
house,0,2.321928094887362,5
tgl,0,1.584962500721156,3
linux,0,2.321928094887362,5
nb,0,1.0,2
webmaster,0,2.94770277922009,9
open.qzone,0,2.721928094887362,10
kingcameranfoundation,0,3.5944656369614516,21
obrnadzor,0,2.725480556997868,9
ww2,0,0.9182958340544896,3
lookaside,0,2.94770277922009,9
kadet,0,2.321928094887362,5
www.nmg,0,2.1280852788913944,7
thumbnail.image,0,3.5068905956085183,15
school-collection,0,3.0574760762899316,17
sike,0,2.0,4
www.xj,0,1.7924812503605778,6
hansard,0,2.5216406363433186,7
widgets.itunes,0,3.2359263506290334,14
sina,0,2.0,4
corp,0,2.0,4
gkcx,0,2.0,4
i12,0,1.584962500721156,3
rcm-uk,0,2.584962500721156,6
channelstore,0,3.2516291673878226,12
ask,0,1.584962500721156,3
mfa,0,1.584962500721156,3
ege,0,0.9182958340544896,3
oa,0,1.0,2
gongyi,0,2.2516291673878226,6
mediad,0,2.2516291673878226,6
ssl,0,0.9182958340544896,3
cdn3,0,2.0,4
vocal-buzz,0,3.1219280948873624,10
gr,0,1.0,2
www.ha,0,1.7924812503605778,6
forum,0,2.321928094887362,5
lineit,0,2.2516291673878226,6
www.sx,0,1.7924812503605778,6
lentreprise,0,2.8453509366224368,11
scottish,0,2.5,8
leg1,0,2.0,4
static,0,2.2516291673878226,6
career5,0,2.2359263506290326,7
cdn11,0,1.9219280948873623,5
wh,0,1.0,2
mon,0,1.584962500721156,3
grad-schools.usnews,0,3.7216117239699,19
mansted.dk,0,3.1219280948873624,10
flashservice,0,3.2516291673878226,12
tspu,0,2.0,4
c8,0,1.0,2
huanyan,0,2.2359263506290326,7
cdn.images,0,3.321928094887362,10
mhqy,0,2.0,4
travel,0,2.584962500721156,6
www.us,0,1.7924812503605778,6
sandbox4,0,3.0,8
life-study1984,0,3.8073549220576055,14
j,0,-0.0,1
jsyzh,0,2.321928094887362,5
fcior,0,2.321928094887362,5
img,0,1.584962500721156,3
nikezoom,0,2.75,8
coachfactoryoutlet-storeonline,0,3.6695767463163933,30
photo,0,1.9219280948873623,5
physics,0,2.521640636343318,7
hips,0,2.0,4
ywzxdy,0,2.2516291673878226,6
zwfw-new,0,2.4056390622295662,8
page.auctions,0,3.5465935642949384,13
yt3,0,1.584962500721156,3
sdlushuyan,0,2.9219280948873623,10
monclers,0,3.0,8
ad2,0,1.584962500721156,3
mnr,0,1.584962500721156,3
function,0,2.75,8
bbg,0,0.9182958340544896,3
phpfmg,0,2.2516291673878226,6
www.hi,0,1.7924812503605778,6
et,0,1.0,2
a,0,-0.0,1
byzh,0,2.0,4
baby,0,1.5,4
minpromtorg,0,2.9139770731827523,11
premier,0,2.2359263506290326,7
scontent-frx5-1,0,3.506890595608518,15
ad.jp.ap,0,2.25,8
pandoracharms,0,3.180832987205441,13
love,0,2.0,4
sh,0,1.0,2
buyamoxicillin,0,3.3248629576173565,14
studentlife,0,3.0957952550009344,11
i3,0,1.0,2
www.tj,0,1.7924812503605778,6
aldradach,0,2.4193819456463714,9
katespadehandbagsclearance,0,3.488525294897748,26
www.katespadehandbagsclearance,0,3.698068512058838,30
publicfiles,0,3.095795255000934,11
stocks.finance,0,3.378783493486176,14
rivals,0,2.584962500721156,6
mipu,0,2.0,4
fms,0,1.584962500721156,3
uggsoutletofficials,0,3.4058222502856905,19
pandora-jewelry,0,3.5068905956085183,15
www.uggsoutletofficials,0,3.6211755429194716,23
home,0,2.0,4
jb,0,1.0,2
www.pradaoutletonlinestore,0,3.661226256269789,26
pradaoutletonlinestore,0,3.447401504705915,22
lottery,0,2.5216406363433186,7
ed,0,1.0,2
module,0,2.584962500721156,6
newbalance-shoes,0,3.327819531114783,16
jurasskpark,0,2.7321588913645702,11
da-dk,0,1.9219280948873623,5
demo,0,2.0,4
eshop,0,2.321928094887362,5
book,0,1.5,4
fitflops-sale-clearance,0,3.555533151426996,23
www.fitflops-sale-clearance,0,3.7541634277688805,27
skechersshoes-outlet,0,3.221928094887362,20
tadalafil,0,2.4193819456463714,9
lv,0,1.0,2
thecorner,0,2.725480556997868,9
license,0,2.521640636343318,7
zwfw,0,1.5,4
be,0,1.0,2
www.gx,0,1.7924812503605778,6
files,0,2.321928094887362,5
s012,0,2.0,4
www.tomsshoes,0,2.8150724101159437,13
bsaa,0,1.5,4
bsu,0,1.584962500721156,3
www.sc,0,1.7924812503605778,6
b2binfo,0,2.5216406363433186,7
comic,0,1.9219280948873623,5
us,0,1.0,2
themes,0,2.2516291673878226,6
insanityworkout,0,3.373557262275185,15
scontent-sea1-1,0,3.106890595608519,15
dc.watch,0,2.75,8
edu,0,1.584962500721156,3
bbs2,0,1.5,4
press,0,1.9219280948873623,5
pt.afl,0,2.584962500721156,6
www2,0,0.8112781244591328,4
espanol,0,2.807354922057604,7
dba,0,1.584962500721156,3
foro,0,1.5,4
canadagoosejacketsshop,0,3.481714572986072,22
projectreporter,0,2.656564762130954,15
demo2,0,2.321928094887362,5
yyk,0,0.9182958340544896,3
longchamp-outletstore,0,3.7489948035250964,21
rs,0,1.0,2
zhongce,0,2.807354922057604,7
syndication,0,3.095795255000934,11
game,0,2.0,4
cheapjordansfor-sale,0,3.6841837197791887,20
bg.ac,0,2.321928094887362,5
nikeoutletonlinestore,0,3.141619208183979,21
honey,0,2.321928094887362,5
fadm,0,2.0,4
cadw,0,2.0,4
tomsk,0,2.321928094887362,5
ethos,0,2.321928094887362,5
bash,0,2.0,4
pm1,0,1.584962500721156,3
nc,0,1.0,2
sweden,0,2.2516291673878226,6
af,0,1.0,2
help,0,2.0,4
thumbs1,0,2.807354922057604,7
m-mip,0,1.9219280948873623,5
www.cheapofficialjerseys,0,3.7720552088742005,24
nikeairmax90,0,3.2516291673878226,12
ux,0,1.0,2
asv,0,1.584962500721156,3
yafeiml,0,2.807354922057604,7
ka,0,1.0,2
ko-kr,0,1.9219280948873623,5
minenergo,0,2.725480556997868,9
drivers,0,2.5216406363433186,7
smiles,0,2.2516291673878226,6
atasehir,0,2.75,8
rk,0,1.0,2
affiliates,0,2.721928094887362,10
donate,0,2.584962500721156,6
coachoutletsstorefactory,0,3.386842188131012,24
emall,0,1.9219280948873623,5
asi,0,1.584962500721156,3
scontent-amt2-1,0,3.3232314287976203,15
customer,0,3.0,8
rpx,0,1.584962500721156,3
bj,0,1.0,2
nz,0,1.0,2
sc02,0,2.0,4
people,0,1.9182958340544893,6
jordans,0,2.807354922057604,7
partner,0,2.5216406363433186,7
slide.sports,0,3.188721875540867,12
nikeairmax,0,2.9219280948873623,10
minobrnauki,0,3.0957952550009344,11
property,0,2.5,8
thomas-sabos,0,2.8553885422075336,12
minsport,0,3.0,8
bestpage24,0,3.121928094887362,10
cyb3rpunk,0,3.169925001442312,9
imstore,0,2.807354922057604,7
lroc.sese,0,2.725480556997868,9
the-northface,0,3.238901256602631,13
blogs,0,2.321928094887362,5
moxy-hotels,0,3.2776134368191165,11
longchampoutletonline,0,3.52257158913636,21
reeboks,0,2.5216406363433186,7
jordan,0,2.584962500721156,6
hogans,0,2.584962500721156,6
long-champ,0,3.321928094887362,10
nike-store,0,3.121928094887362,10
michaelkors,0,3.459431618637298,11
salomonshoes,0,2.792481250360578,12
oakleys,0,2.807354922057604,7
nike-airmax,0,3.0957952550009344,11
adidasshoes,0,2.663532754804255,11
vansschuhe,0,2.9219280948873623,10
raybans,0,2.5216406363433186,7
airmax,0,2.2516291673878226,6
pradas,0,2.2516291673878226,6
cg,0,1.0,2
magnet,0,2.584962500721156,6
desk,0,2.0,4
sounds,0,2.2516291673878226,6
wapyyk,0,2.251629167387823,6
sakha,0,1.9219280948873623,5
foundation,0,2.9219280948873623,10
zzlz,0,0.8112781244591328,4
nfljerseysonline,0,3.1556390622295662,16
creditcard,0,2.721928094887362,10
vn,0,1.0,2
marvelcinematicuniverse,0,3.4472624994412104,23
st,0,1.0,2
btn,0,1.584962500721156,3
www.retro-jordan,0,3.2806390622295662,16
www.toryburchoff,0,3.327819531114783,16
www.sxzx,0,2.1556390622295662,8
www.coachoutletsstore,0,3.427333493898265,21
kroky,0,1.9219280948873623,5
hollisteronlineshop,0,3.221097250057957,19
www.longchamp-outlets,0,3.880179922675737,21
c-rockwork,0,2.5219280948873624,10
brand,0,2.321928094887362,5
ugg,0,0.9182958340544896,3
scontent-lax3-1,0,3.506890595608518,15
fskn,0,2.0,4
www.insanity,0,2.8553885422075336,12
sms,0,0.9182958340544896,3
ach,0,1.584962500721156,3
roskachestvo,0,3.2516291673878226,12
nav,0,1.584962500721156,3
nike-shoes,0,2.9219280948873623,10
www.moncleroutletstores,0,3.435755433941628,23
explore,0,2.5216406363433186,7
school,0,2.251629167387823,6
mai,0,1.584962500721156,3
structure,0,2.5032583347756456,9
converse-schuhe,0,3.1898980954642875,15
ralphlaurens,0,3.084962500721156,12
recruiting2,0,3.0957952550009344,11
tse2.mm,0,2.521640636343318,7
swarovskisoutlet,0,3.452819531114783,16
rgl,0,1.584962500721156,3
asp,0,1.584962500721156,3
arso,0,2.0,4
baidianfeng,0,2.9139770731827523,11
goto,0,1.5,4
adidas-shoes,0,2.8553885422075336,12
stream,0,2.584962500721156,6
burberryoutletonline,0,3.246439344671015,20
hollister,0,2.94770277922009,9
cdn10,0,2.321928094887362,5
portal,0,2.584962500721156,6
verify,0,2.584962500721156,6
huarache,0,2.5,8
newbalanceschuhe,0,3.202819531114783,16
www.maccosmeticsofficial,0,3.4387218755408675,24
maccosmeticsofficial,0,3.1841837197791887,20
rpn,0,1.584962500721156,3
ub,0,1.0,2
nikerosherun,0,3.0849625007211556,12
swarovskionlineshop,0,3.536886723742167,19
akon,0,2.0,4
wap,0,1.584962500721156,3
tai,0,1.584962500721156,3
journal,0,2.807354922057604,7
parliament,0,3.121928094887362,10
jabra,0,1.9219280948873623,5
eng,0,1.584962500721156,3
ksassets,0,2.0,8
nike-rosherun,0,3.238901256602631,13
message,0,2.2359263506290326,7
gossluzhba,0,3.121928094887362,10
bygda,0,2.321928094887362,5
home-rent,0,2.94770277922009,9
nac,0,1.584962500721156,3
nike-huarache,0,3.238901256602631,13
guba,0,2.0,4
podvignaroda,0,3.084962500721156,12
michaelkorsoutletks,0,3.6163485660751644,19
www.michaelkorsoutletks,0,3.795088586397733,23
my.bookmark,0,2.9139770731827523,11
air-maxschoenen,0,3.5068905956085192,15
ved,0,1.584962500721156,3
raybans-outlet,0,3.521640636343319,14
rndschool61,0,3.277613436819116,11
horlogesrolexs,0,2.8962915290459277,14
visa,0,2.0,4
ak1,0,1.584962500721156,3
d26lpennugtm8s,0,3.6644977792004623,14
tommyhilfigers,0,3.521640636343319,14
at,0,1.0,2
chiebukuro,0,3.121928094887362,10
legisquebec,0,3.027169118440619,11
cce,0,0.9182958340544896,3
nikeairforce,0,3.084962500721156,12
www.bt,0,1.7924812503605778,6
epaper,0,1.9182958340544893,6
parlament,0,2.94770277922009,9
care,0,2.0,4
coachoutletstoreonline,0,3.3908054820769817,22
main,0,2.0,4
mathscinet,0,3.121928094887362,10
law,0,1.584962500721156,3
adidasschuhe-online,0,3.511085408180427,19
v2,0,1.0,2
www.library,0,2.8453509366224368,11
businessnetwork,0,3.32323142879762,15
sa,0,1.0,2
puma-shoes,0,3.121928094887362,10
nike-schoenen,0,2.9689185639620974,13
birkenstockshoes,0,3.327819531114783,16
opinion,0,1.9502120649147465,7
adidassuper-star,0,3.1556390622295662,16
cdmd,0,1.5,4
gia,0,1.584962500721156,3
ac,0,1.0,2
cheap--nfljerseys,0,3.572469458770136,17
lilun,0,1.9219280948873623,5
birkenstocks,0,3.2516291673878226,12
licee,0,1.9219280948873623,5
ta,0,1.0,2
wsxf,0,2.0,4
mailhide,0,2.75,8
businesswales,0,2.9312089489103235,13
www.louisvuittonoutlet,0,3.265583322887733,22
pfp,0,0.9182958340544896,3
cscs,0,1.0,4
mk,0,1.0,2
look,0,1.5,4
paperplanes,0,2.663532754804255,11
moncler,0,2.807354922057604,7
poloralphlaurens,0,3.202819531114783,16
isport,0,2.584962500721156,6
dingli,0,2.2516291673878226,6
vans-schuhe,0,3.095795255000934,11
www.noe,0,2.1280852788913944,7
monitor,0,2.5216406363433186,7
strong,0,2.584962500721156,6
buyamitriptyline,0,3.452819531114783,16
portico,0,2.5216406363433186,7
search.cn,0,2.94770277922009,9
zz,0,-0.0,2
audit,0,2.321928094887362,5
converse,0,2.75,8
audycje,0,2.807354922057604,7
motherhood,0,2.6464393446710153,10
electrician,0,2.9139770731827523,11
is1-ssl,0,2.1280852788913944,7
salomon-schuhe,0,3.378783493486176,14
nikeshoesoutlet,0,3.1898980954642875,15
fsa,0,1.584962500721156,3
reebok,0,2.2516291673878226,6
nike-air-max,0,3.084962500721156,12
fpu,0,1.584962500721156,3
centralbrunei,0,3.238901256602631,13
www.dom,0,2.1280852788913944,7
autogallery,0,3.0957952550009344,11
beta,0,2.0,4
rayban,0,2.2516291673878226,6
duna-anapa,0,2.3219280948873626,10
air-max,0,2.5216406363433186,7
michaeljordan,0,3.5465935642949384,13
ipp,0,0.9182958340544896,3
un,0,1.0,2
tommy-hilfiger,0,3.521640636343319,14
nike-schuhe,0,3.095795255000934,11
hogan,0,2.321928094887362,5
perpustakaan,0,3.0220552088742005,12
unam,0,2.0,4
kedokterannuklir,0,3.327819531114783,16
thenorthface,0,3.084962500721156,12
leverage,0,2.4056390622295662,8
chechnya,0,2.5,8
prada,0,1.9219280948873623,5
michael-kors-taschen,0,3.721928094887362,20
nikestore,0,2.94770277922009,9
erotv,0,2.321928094887362,5
oakley,0,2.584962500721156,6
longchamp,0,3.169925001442312,9
liveweb,0,2.521640636343318,7
nike-skor,0,2.94770277922009,9
cfeef,0,1.5219280948873621,5
psychology,0,2.9219280948873623,10
d4ak,0,2.0,4
www.coris,0,2.6416041678685933,9
anapa-alrosa,0,2.617492461184755,12
face,0,2.0,4
kobieta,0,2.807354922057604,7
www.revenue,0,2.5949066182439395,11
vr4nchb9ktq.c,0,3.5465935642949384,13
transport,0,2.725480556997868,9
www.sub,0,2.1280852788913944,7
adidas,0,1.9182958340544893,6
ics,0,1.584962500721156,3
tgp,0,1.584962500721156,3
canadagooses,0,2.855388542207534,12
securepubads.g,0,3.3787834934861767,14
jmp,0,1.584962500721156,3
publicapps,0,2.8464393446710154,10
uniyar,0,2.584962500721156,6
pandora,0,2.5216406363433186,7
pxl,0,1.584962500721156,3
hollister-abercrombie,0,3.5585186130489057,21
yiyuan,0,2.2516291673878226,6
wapask,0,2.2516291673878226,6
hgtvhome,0,2.75,8
pdt,0,1.584962500721156,3
www.michaelkorsfactory-outletonline,0,4.071581588126283,35
forestryandland,0,3.373557262275186,15
sr.gov,0,2.584962500721156,6
tambov,0,2.584962500721156,6
dogcat,0,2.584962500721156,6
hwb,0,1.584962500721156,3
win10,0,2.321928094887362,5
rsu,0,1.584962500721156,3
muzyka,0,2.584962500721156,6
uhren-shop,0,3.121928094887362,10
name,0,2.0,4
thomas-sabo,0,2.913977073182752,11
scrf,0,2.0,4
hubei,0,2.321928094887362,5
xin,0,1.584962500721156,3
hogas,0,2.321928094887362,5
svr,0,1.584962500721156,3
tables,0,2.584962500721156,6
istina,0,2.2516291673878226,6
zj,0,1.0,2
19,0,1.0,2
pansionat,0,2.725480556997868,9
wapask-mip,0,2.9219280948873623,10
polytechnic,0,3.277613436819116,11
adidasboost,0,2.7321588913645702,11
www.adidasboost,0,3.056564762130954,15
cf,0,1.0,2
anonim,0,2.2516291673878226,6
wz,0,1.0,2
royal-navy,0,2.9219280948873623,10
amnesty,0,2.807354922057604,7
s266,0,1.5,4
vsp,0,1.584962500721156,3
freedomain,0,3.121928094887362,10
gs,0,1.0,2
nikeairmax-90,0,3.3927474104487847,13
c-home2014,0,3.321928094887362,10
uggboots,0,2.5,8
www.connect,0,2.663532754804255,11
www.coachoutletfactoryonlinestores,0,3.7970421653407156,34
coachoutletfactoryonlinestores,0,3.602910079649727,30
park20,0,2.584962500721156,6
union,0,1.9219280948873623,5
its,0,1.584962500721156,3
ugg-australia,0,3.0269868333592873,13
futurerussia,0,2.8553885422075336,12
comment,0,2.5216406363433186,7
167,0,1.584962500721156,3
edm,0,1.584962500721156,3
calendar,0,2.75,8
vspu,0,2.0,4
gz,0,1.0,2
www6,0,0.8112781244591328,4
ecsocman,0,2.75,8
astravo,0,2.5216406363433186,7
tadacipbest,0,3.0957952550009344,11
pandorajewelryofficialsite,0,3.8441065448145375,26
imstars,0,2.5216406363433186,7
ky,0,1.0,2
historical,0,3.121928094887362,10
transparency,0,3.0849625007211556,12
susu,0,1.0,4
event,0,1.9219280948873623,5
lkfl,0,1.5,4
yubik,0,2.321928094887362,5
dataprotection,0,3.182005814760214,14
toryburchonlineoutlet,0,3.463280517810811,21
polo-outletonline,0,2.984234164652489,17
urc,0,1.584962500721156,3
images2,0,2.807354922057604,7
ict,0,1.584962500721156,3
magnum,0,2.2516291673878226,6
vapormaxs,0,2.94770277922009,9
vita,0,2.0,4
marbau,0,2.2516291673878226,6
classic,0,2.2359263506290326,7
ee,0,-0.0,2
adilet,0,2.584962500721156,6
szb,0,1.584962500721156,3
shihan,0,2.2516291673878226,6
pfo,0,1.584962500721156,3
consult,0,2.807354922057604,7
attpoland,0,2.725480556997868,9
cdsads,0,1.9182958340544893,6
uggs,0,1.5,4
www3,0,0.8112781244591328,4
www.coachoutlet,0,3.189898095464287,15
oakleysunglassesoky,0,3.1952959344962166,19
publishers,0,3.121928094887362,10
episod,0,2.584962500721156,6
mpei,0,2.0,4
search.discuz,0,3.3927474104487847,13
cdna,0,2.0,4
mizunoshoes,0,3.095795255000934,11
h5,0,1.0,2
wanwan,0,1.584962500721156,6
syria,0,2.321928094887362,5
pic.news,0,3.0,8
fadn,0,2.0,4
rosleshoz,0,2.725480556997868,9
google,0,1.9182958340544893,6
www.discountasicsshoes,0,3.4428621651554656,22
discountasicsshoes,0,3.1916116417513782,18
bvi,0,1.584962500721156,3
bizweb,0,2.2516291673878226,6
mzz,0,0.9182958340544896,3
collection,0,2.721928094887362,10
wpdemo-env.brjsnrgrpj.us-west-2,0,4.018081793978685,31
nikeshoes,0,2.725480556997868,9
nebih,0,2.321928094887362,5
german,0,2.584962500721156,6
nikeshoess,0,2.6464393446710153,10
yuqing,0,2.584962500721156,6
shedevr,0,2.5216406363433186,7
bm,0,1.0,2
adidassuperstarsshoes,0,3.141619208183979,21
justiceservices,0,3.006238928653389,15
sealserver,0,2.4464393446710155,10
mathematica,0,2.663532754804255,11
ignus,0,2.321928094887362,5
charmspandora,0,3.180832987205441,13
realestate,0,2.4464393446710155,10
idp,0,1.584962500721156,3
coco-chanel,0,2.845350936622437,11
hk,0,1.0,2
jordan11winlike96,0,3.734521664779752,17
zapret-info,0,3.459431618637298,11
30,0,1.0,2
www.oakleysunglassesoks,0,3.377278130987436,23
privacy,0,2.807354922057604,7
education,0,3.169925001442312,9
fish,0,2.0,4
mod,0,1.584962500721156,3
parkour,0,2.5216406363433186,7
michael-kors,0,3.584962500721156,12
acceptable,0,2.721928094887362,10
viper,0,2.321928094887362,5
doubleyourprofit,0,3.452819531114783,16
xorg,0,2.0,4
eken,0,1.5,4
uggboots-sale,0,3.238901256602631,13
www.uggboots-sale,0,3.4548223999466066,17
sf,0,1.0,2
humanities,0,3.121928094887362,10
weekly,0,2.2516291673878226,6
jokesland,0,3.169925001442312,9
global,0,2.2516291673878226,6
www.vapormaxplus,0,3.452819531114783,16
buy,0,1.584962500721156,3
standart,0,2.5,8
zhuce,0,2.321928094887362,5
yqlj,0,2.0,4
huizhan,0,2.5216406363433186,7
commonslibrary,0,3.378783493486176,14
government,0,2.9219280948873623,10
yuanjian,0,2.5,8
minprom,0,2.5216406363433186,7
ell,0,0.9182958340544896,3
wsd,0,1.584962500721156,3
tritel,0,2.2516291673878226,6
weibo,0,2.321928094887362,5
img14,0,2.321928094887362,5
encyclopedia,0,3.2516291673878226,12
france,0,2.584962500721156,6
cialis,0,2.2516291673878226,6
gtzyt,0,1.9219280948873623,5
vlada,0,1.9219280948873623,5
romhacking,0,3.321928094887362,10
blogownik,0,2.94770277922009,9
zvezda,0,2.2516291673878226,6
rkf,0,1.584962500721156,3
cheman,0,2.584962500721156,6
kerch,0,2.321928094887362,5
test6,0,1.9219280948873623,5
soft,0,2.0,4
palyazat,0,2.4056390622295662,8
allamkincstar,0,3.180832987205441,13
olympus,0,2.807354922057604,7
dresserie,0,2.197159723424149,9
kh,0,1.0,2
pornmd,0,2.584962500721156,6
nucleus,0,2.5216406363433186,7
edmi,0,2.0,4
zhenyan,0,2.521640636343318,7
jin,0,1.584962500721156,3
hongcai,0,2.807354922057604,7
lkt,0,1.584962500721156,3
burberryoutletoff,0,3.1018812234760182,17
shehui,0,2.2516291673878226,6
www.cheap--nfljersey,0,3.746439344671015,20
shell,0,1.9219280948873623,5
coins,0,2.321928094887362,5
sevastopol,0,2.9219280948873623,10
bft,0,1.584962500721156,3
nevyansk,0,2.75,8
test,0,1.5,4
fso,0,1.584962500721156,3
www.compas,0,2.8464393446710154,10
lady,0,2.0,4
catalogue,0,2.94770277922009,9
dawnofwar,0,2.725480556997868,9
webservice,0,2.8464393446710154,10
liverussia,0,2.9219280948873623,10
nike-airhuarache,0,3.202819531114783,16
mall,0,1.5,4
www.faropavia,0,2.9689185639620974,13
vip,0,1.584962500721156,3
www.geox,0,2.4056390622295662,8
geox,0,2.0,4
sharepoint,0,3.321928094887362,10
zijn,0,2.0,4
hichannel,0,2.725480556997868,9
nike-freerun,0,2.8553885422075336,12
coachbagsoutlet,0,3.3735572622751855,15
airmax-schoenen,0,3.5068905956085192,15
tw.search.buy,0,3.5465935642949384,13
yeezysupply,0,2.663532754804255,11
www.yeezysupply,0,3.0062389286533895,15
banking,0,2.5216406363433186,7
shenzhen,0,2.25,8
jakirower,0,2.94770277922009,9
www.nikeoutletonlineshopping,0,3.6280852788913944,28
zzz,0,-0.0,3
raidcall,0,2.5,8
apollo-ireland,0,3.182005814760214,14
ugatu,0,1.9219280948873623,5
nt,0,1.0,2
justice,0,2.807354922057604,7
com,0,1.584962500721156,3
parikmaher,0,2.9219280948873623,10
ind5,0,2.0,4
eunet,0,1.9219280948873623,5
sweetmeet,0,2.0588138903312014,9
school44,0,2.5,8
hq,0,1.0,2
statistica,0,2.2464393446710154,10
tools,0,1.9219280948873623,5
mari-el,0,2.807354922057604,7
finland,0,2.5216406363433186,7
7799,0,1.0,4
www.mizunorunningshoes,0,3.51602764126623,22
sucai,0,2.321928094887362,5
mstu,0,2.0,4
category,0,3.0,8
bruss,0,1.9219280948873623,5
indprop,0,2.521640636343318,7
distilleryimage2.s3,0,3.681880802803401,19
carmarthenshire,0,3.1898980954642875,15
nbajerseyscheapwholesale,0,3.5383201891060003,24
allpix,0,2.2516291673878226,6
openinstalljump,0,3.5068905956085183,15
v6.player,0,3.169925001442312,9
uolhost,0,2.5216406363433186,7
madou259,0,3.0,8
buylevitraonline,0,3.5,16
international,0,2.873140679513133,13
ua,0,1.0,2
www.omsk,0,2.4056390622295662,8
dziennik,0,2.5,8
redirect.appmetrica,0,3.2210972500579573,19
poloralphlauren,0,3.0565647621309533,15
img2,0,2.0,4
bf,0,1.0,2
bdk,0,1.584962500721156,3
488,0,0.9182958340544896,3
mddsz,0,1.9219280948873623,5
tvunderground,0,3.085055102756477,13
deti,0,2.0,4
zjgold,0,2.584962500721156,6
pnu,0,1.584962500721156,3
coupon.m,0,2.75,8
ziliao,0,2.2516291673878226,6
atq.ck,0,2.584962500721156,6
xnxxpornoxnxx,0,1.9877733714879842,13
jingluocuimian,0,3.182005814760214,14
guides,0,2.584962500721156,6
sgg,0,0.9182958340544896,3
repairguide,0,2.9139770731827523,11
mizs,0,2.0,4
czm-volga,0,3.169925001442312,9
temai.m,0,2.5216406363433186,7
fund,0,2.0,4
www.michaelkors-outletonlinesale,0,3.890319531114783,32
michaelkors-outletonlinesale,0,3.708966082694624,28
ivanovo,0,2.2359263506290326,7
discom,0,2.584962500721156,6
jinrong,0,2.5216406363433186,7
shouyou,0,2.2359263506290326,7
findyourmp,0,3.321928094887362,10
pekanbaru,0,2.94770277922009,9
slova,0,2.321928094887362,5
sociology,0,2.6416041678685933,9
salebuy,0,2.807354922057604,7
dogana,0,2.251629167387823,6
sao,0,1.584962500721156,3
playroom,0,2.75,8
australia-stage,0,3.106890595608518,15
digma,0,2.321928094887362,5
aveiro,0,2.584962500721156,6
dxb,0,1.584962500721156,3
cl,0,1.0,2
cps,0,1.584962500721156,3
moonshinecreek,0,3.182005814760214,14
nso,0,1.584962500721156,3
mgul,0,2.0,4
e-uprava,0,2.75,8
employment,0,2.9219280948873623,10
naoke,0,2.321928094887362,5
fano,0,2.0,4
images-gmi-pmc,0,3.039148671903071,14
www.nfljerseysofficialshop,0,3.8441065448145375,26
rent,0,2.0,4
index,0,2.321928094887362,5
imagescdn,0,3.169925001442312,9
kmbdf,0,2.321928094887362,5
ess,0,0.9182958340544896,3
movingimage,0,2.9139770731827523,11
pwnd,0,2.0,4
s12,0,1.584962500721156,3
counter,0,2.807354922057604,7
erostone,0,2.5,8
ab,0,1.0,2
i851,0,2.0,4
rgutis,0,2.584962500721156,6
ads,0,1.584962500721156,3
fu,0,1.0,2
wbc,0,1.584962500721156,3
all-cs,0,2.2516291673878226,6
sealinfo,0,3.0,8
afflnk,0,2.2516291673878226,6
artifact,0,2.5,8
dujia,0,2.321928094887362,5
biol,0,2.0,4
affiliatesys,0,2.9182958340544896,12
yhmf,0,2.0,4
rosnedra,0,2.75,8
1v1d1e1lmiki1lgcvx32p49h8fe-wpengine,0,4.215354779870081,36
kamchatka,0,2.4193819456463714,9
sakhalin,0,2.75,8
df,0,1.0,2
zrr269,0,2.2516291673878226,6
photos3,0,2.5216406363433186,7
direct,0,2.584962500721156,6
pics,0,2.0,4
events,0,2.2516291673878226,6
honda,0,2.321928094887362,5
nike-skors,0,2.9219280948873623,10
ns.ac,0,2.321928094887362,5
hilmawan.blogs,0,3.521640636343319,14
proverki,0,2.75,8
annuaire,0,2.5,8
converseschuhe,0,3.039148671903071,14
mfinante,0,2.75,8
mobiloil,0,2.25,8
statik,0,2.2516291673878226,6
comps,0,2.321928094887362,5
links,0,2.321928094887362,5
business,0,2.4056390622295662,8
emet,0,1.5,4
bacalaureat,0,2.7321588913645707,11
comunicatii,0,2.845350936622437,11
dianxian,0,2.25,8
34rfwef2sdf,0,3.027169118440619,11
office,0,2.2516291673878226,6
chromeheart,0,2.9139770731827523,11
house-md,0,3.0,8
iem,0,1.584962500721156,3
zinkiu,0,2.2516291673878226,6
irk,0,1.584962500721156,3
www.fr,0,1.7924812503605778,6
www.sbr,0,2.1280852788913944,7
ereffccdsdfhrd,0,2.699513850319966,14
crimea,0,2.584962500721156,6
imagesonline,0,3.084962500721156,12
sdfsd2dsa,0,2.113283334294875,9
faqs,0,2.0,4
pcash,0,2.321928094887362,5
rc,0,1.0,2
zaozerskdou4,0,3.2516291673878226,12
bkfud634,0,3.0,8
fsd24ffsf,0,2.058813890331201,9
sdfsdr34fdsf2,0,2.6031579868726,13
webww,0,1.3709505944546687,5
bbc,0,0.9182958340544896,3
mavrommatis,0,2.845350936622437,11
dfsf34czxc,0,2.9219280948873623,10
fsdf34fsdfsd,0,2.1258145836939115,12
rrry3dttetrefer,0,2.498929563690935,15
skracam,0,2.521640636343318,7
fyrlvldkrefer,0,2.8731406795131336,13
big5,0,2.0,4
dldltspvpps4,0,2.6887218755408666,12
sdf34fsdt3,0,2.521928094887362,10
luxury,0,2.2516291673878226,6
down,0,2.0,4
telecom,0,2.5216406363433186,7
khlfglrdppesv,0,3.3927474104487847,13
rastko.org,0,2.9219280948873623,10
sfdff3fsdf,0,1.7609640474436812,10
jarasinfo,0,2.94770277922009,9
svadba,0,2.2516291673878226,6
marriott,0,2.5,8
superforum,0,2.9219280948873623,10
leienhenger,0,2.5503407095463886,11
tinhte,0,2.2516291673878226,6
antanta,0,1.5566567074628228,7
school2-aksay,0,3.238901256602631,13
ip.affiliate,0,2.8553885422075336,12
sou,0,1.584962500721156,3
zspk,0,2.0,4
ecoaula,0,2.521640636343318,7
mop,0,1.584962500721156,3
miem,0,1.5,4
ke,0,1.0,2
www.gov,0,2.1280852788913944,7
pic,0,1.584962500721156,3
imm,0,0.9182958340544896,3
atemi,0,2.321928094887362,5
artclassic,0,2.7219280948873625,10
nefmi,0,2.321928094887362,5
botanical,0,2.94770277922009,9
www.swarovskisjewelry,0,3.422577995321604,21
onlinecasinodeutschland,0,3.480083695187448,23
ballonger,0,2.94770277922009,9
read,0,2.0,4
bike,0,2.0,4
simplesolutions,0,3.189898095464287,15
technolog,0,2.94770277922009,9
opendata,0,2.75,8
fpi,0,1.584962500721156,3
historydoc,0,3.121928094887362,10
foodstandards,0,2.873140679513133,13
louis-vuitton-taschen,0,3.5944656369614516,21
nemzetipark,0,3.2776134368191165,11
movie,0,2.321928094887362,5
sac,0,1.584962500721156,3
stat,0,1.5,4
newbalance,0,2.721928094887362,10
blpc,0,2.0,4
ogyei,0,2.321928094887362,5
rfbk,0,2.0,4
da,0,1.0,2
sysimages,0,2.6416041678685933,9
alumni,0,2.584962500721156,6
ulkk,0,1.5,4
www.jordan11winlike82,0,3.7256507561120933,21
yyac,0,1.5,4
fgyp,0,2.0,4
danas,0,1.9219280948873623,5
heyi,0,2.0,4
codeblog,0,2.75,8
kiqs,0,2.0,4
zzog,0,1.5,4
cabinet,0,2.807354922057604,7
images-i,0,2.75,8
i96,0,1.584962500721156,3
bpui,0,2.0,4
msek,0,2.0,4
hk.finance,0,3.121928094887362,10
fs18,0,2.0,4
ios,0,1.584962500721156,3
thepoint,0,2.75,8
or,0,1.0,2
qmhi,0,2.0,4
minstm,0,2.2516291673878226,6
klzy,0,2.0,4
www.nikeairmax-270,0,3.6835423624332306,18
minsk,0,2.321928094887362,5
lizx,0,2.0,4
tuan,0,2.0,4
odnb,0,2.0,4
kirsoft,0,2.807354922057604,7
uggsboots,0,2.5032583347756456,9
azino77,0,2.521640636343318,7
uggs-boots,0,2.7219280948873625,10
uzxx,0,1.5,4
fasi,0,2.0,4
alania,0,1.7924812503605778,6
digitalmusicnews,0,3.577819531114783,16
novsu,0,2.321928094887362,5
ycdx,0,2.0,4
prme,0,2.0,4
geetha,0,2.2516291673878226,6
zai,0,1.584962500721156,3
baraholka,0,2.6416041678685933,9
aquafan,0,2.1280852788913944,7
foreign,0,2.807354922057604,7
dblw,0,2.0,4
multimedia,0,2.9219280948873623,10
ens,0,1.584962500721156,3
okm,0,1.584962500721156,3
natures,0,2.807354922057604,7
nxci,0,2.0,4
ahhw,0,1.5,4
nkfih,0,2.321928094887362,5
mylene,0,2.251629167387823,6
tviplayer,0,3.169925001442312,9
unuh,0,1.5,4
oqtz,0,2.0,4
wbcs,0,2.0,4
syyv,0,1.5,4
canada-goose,0,3.0220552088742005,12
orsm,0,2.0,4
qsci,0,2.0,4
mvro,0,2.0,4
vestnik,0,2.807354922057604,7
nkh,0,1.584962500721156,3
kosmos-x,0,2.5,8
camera,0,2.2516291673878226,6
wohj,0,2.0,4
mgrt,0,2.0,4
skazka,0,1.9182958340544893,6
laue,0,2.0,4
cixo,0,2.0,4
mz,0,1.0,2
zf,0,1.0,2
xqkt,0,2.0,4
biko,0,2.0,4
utrish,0,2.584962500721156,6
ujszechenyiterv,0,3.5898980954642865,15
budget,0,2.584962500721156,6
sztnh,0,2.321928094887362,5
ocala,0,1.9219280948873623,5
forum-sportowe,0,3.3248629576173574,14
issp,0,1.5,4
mti,0,1.584962500721156,3
sc,0,1.0,2
neuro,0,2.321928094887362,5
mayweathervsmaidanalive,0,3.551191174465697,23
cors,0,2.0,4
tetradka,0,2.5,8
tanjug.co,0,3.169925001442312,9
zx,0,1.0,2
szpi,0,2.0,4
tuvi,0,2.0,4
rayban-outlet,0,3.3927474104487847,13
windxp,0,2.584962500721156,6
eap,0,1.584962500721156,3
anzhuo,0,2.584962500721156,6
autosport,0,2.725480556997868,9
jw,0,1.0,2
der,0,1.584962500721156,3
parnu,0,2.321928094887362,5
smb,0,1.584962500721156,3
blic.co,0,2.521640636343318,7
show,0,2.0,4
vns,0,1.584962500721156,3
teddylsd,0,2.4056390622295662,8
audio-ssl.itunes,0,3.452819531114783,16
cluster26763,0,3.4182958340544896,12
sev,0,1.584962500721156,3
foreignaffairs,0,3.039148671903071,14
moi,0,1.584962500721156,3
mcafee,0,2.2516291673878226,6
eurovision,0,2.9219280948873623,10
admitere,0,2.75,8
haerbin,0,2.807354922057604,7
dom,0,1.584962500721156,3
lingkun,0,2.5216406363433186,7
tommy-hilfigers,0,3.6402239289418516,15
tyc,0,1.584962500721156,3
turgenev,0,2.75,8
dj,0,1.0,2
offers,0,2.2516291673878226,6
mygameforums,0,3.188721875540867,12
zhuanti,0,2.807354922057604,7
fatalenergy,0,3.0957952550009344,11
www.windowsticker,0,3.286895754518763,17
mrp-listings,0,3.2516291673878226,12
cosmo,0,1.9219280948873623,5
tj,0,1.0,2
brzs,0,2.0,4
ssa,0,0.9182958340544896,3
ukom,0,2.0,4
nike-airforce,0,3.238901256602631,13
bbs1,0,1.5,4
cleft.med,0,2.94770277922009,9
sf2,0,1.584962500721156,3
wesnoth,0,2.807354922057604,7
fsff,0,0.8112781244591328,4
jfrc,0,2.0,4
rts.co,0,2.584962500721156,6
f88,0,0.9182958340544896,3
content,0,2.2359263506290326,7
dxw,0,1.584962500721156,3
hastravel,0,2.94770277922009,9
mrs-bartra,0,2.6464393446710157,10
jiancai,0,2.2359263506290326,7
awais,0,1.9219280948873623,5
mnl,0,1.584962500721156,3
crockpot,0,2.5,8
gold,0,2.0,4
boardgames,0,3.121928094887362,10
defenceimagery,0,3.2359263506290334,14
iha,0,1.584962500721156,3
3339,0,0.8112781244591328,4
w-panienski,0,3.095795255000934,11
273.adsina,0,3.121928094887362,10
vos,0,1.584962500721156,3
met,0,1.584962500721156,3
auis,0,2.0,4
sexualhealth,0,2.9182958340544896,12
wjw,0,0.9182958340544896,3
gvp,0,1.584962500721156,3
resh,0,2.0,4
gweddill,0,2.5,8
ibrae,0,2.321928094887362,5
ku.m,0,2.0,4
adult.contents,0,3.3248629576173574,14
ito,0,1.584962500721156,3
gasu,0,2.0,4
inr,0,1.584962500721156,3
gisp,0,2.0,4
norton,0,1.9182958340544893,6
carrefour-numerique,0,3.326360407952693,19
subs,0,1.5,4
www10,0,1.3709505944546687,5
uvo,0,1.584962500721156,3
mnz,0,1.584962500721156,3
nrm,0,1.584962500721156,3
ktelegraf,0,2.94770277922009,9
hirek,0,2.321928094887362,5
wsjkw,0,1.9219280948873623,5
mms,0,0.9182958340544896,3
mf,0,1.0,2
nettdating-gratis,0,3.146286370662105,17
ek,0,1.0,2
dailynews,0,3.169925001442312,9
g-search1,0,3.169925001442312,9
www.louisvuittonoutlet-stores,0,3.4830050302680133,29
estc,0,2.0,4
hjjg,0,1.5,4
sx,0,1.0,2
sl,0,1.0,2
turism,0,2.584962500721156,6
rekn,0,2.0,4
coupe,0,2.321928094887362,5
kozigallas,0,2.9219280948873623,10
site,0,2.0,4
alderney,0,2.75,8
granma,0,2.2516291673878226,6
man,0,1.584962500721156,3
russian-orthodox-church,0,3.5555331514269954,23
qvoq,0,1.5,4
burundi,0,2.5216406363433186,7
tabletki-odchudzajace,0,3.7849418274376423,21
fpyr,0,2.0,4
icni,0,1.5,4
ioc,0,1.584962500721156,3
uni-vologda,0,3.277613436819116,11
bdd-eor,0,2.5216406363433186,7
tdxw,0,2.0,4
oymf,0,2.0,4
ired,0,2.0,4
cdn02,0,2.321928094887362,5
rguc,0,2.0,4
wljg,0,2.0,4
zhaojing,0,3.0,8
kwgv,0,2.0,4
customsiliconebraceletscheappwe,0,3.781147020819124,31
mijq,0,2.0,4
estyn,0,2.321928094887362,5
zsys,0,1.5,4
rnfj,0,2.0,4
startelegram,0,2.918295834054489,12
kkpgitamandir,0,3.238901256602631,13
razvoj,0,2.584962500721156,6
ztog,0,2.0,4
thrd,0,2.0,4
pressandpolicy,0,3.521640636343319,14
yfax,0,2.0,4
zvoj,0,2.0,4
dz,0,1.0,2
jrzpapi,0,2.521640636343318,7
apple-iphone,0,3.0220552088742,12
ltbk,0,2.0,4
mttd,0,1.5,4
gcct,0,1.5,4
cfa,0,1.584962500721156,3
june-22,0,2.521640636343318,7
pcportal,0,2.75,8
upn,0,1.584962500721156,3
qbnw,0,2.0,4
keychainpartsuyg,0,3.75,16
sportwristbandsfl6,0,3.68354236243323,18
crystaltips,0,3.095795255000934,11
bklm,0,2.0,4
rgxq,0,2.0,4
rezerv,0,1.9182958340544893,6
sharronclemons,0,3.2359263506290334,14
badnews,0,2.807354922057604,7
qrwm,0,2.0,4
anapa,0,1.3709505944546687,5
dqjob,0,2.321928094887362,5
asklibrary,0,2.9219280948873623,10
kampanie-reklamowe,0,3.4193819456463714,18
gdvp,0,2.0,4
uefiscdi,0,2.75,8
fcqy,0,2.0,4
doi,0,1.584962500721156,3
governo,0,2.5216406363433186,7
beta.co,0,2.807354922057604,7
njaw,0,2.0,4
porady-transportowe,0,3.43162356584743,19
mkgp,0,2.0,4
asu,0,1.584962500721156,3
durs,0,2.0,4
shihuo,0,2.2516291673878226,6
lovequotesrus,0,3.085055102756477,13
mirco,0,2.321928094887362,5
esavjetovanja,0,2.873140679513133,13
whmx,0,2.0,4
ingvarr,0,2.521640636343318,7
adclient,0,3.0,8
cynn,0,1.5,4
aixe,0,2.0,4
reklama-od-podstaw,0,3.5724312513221195,18
itp,0,1.584962500721156,3
ncre,0,2.0,4
jetpletters,0,2.59490661824394,11
financeblog,0,3.277613436819116,11
weili,0,1.9219280948873623,5
8.proo,0,2.2516291673878226,6
email,0,2.321928094887362,5
isfg,0,2.0,4
9.pojj,0,2.2516291673878226,6
nsau,0,2.0,4
fegr,0,2.0,4
tkqe,0,2.0,4
7.qecb,0,2.584962500721156,6
1.ggmd,0,2.2516291673878226,6
caijing,0,2.5216406363433186,7
polskabiega,0,3.277613436819116,11
zadg,0,2.0,4
cvni,0,2.0,4
prodigi,0,2.521640636343318,7
vnqm,0,2.0,4
9.ogus,0,2.584962500721156,6
pylu,0,2.0,4
mrkviz8v7o8,0,3.095795255000934,11
gbqp,0,2.0,4
aydc,0,2.0,4
xm,0,1.0,2
kzje,0,2.0,4
sildenafil,0,2.9219280948873623,10
www.chs,0,2.1280852788913944,7
eozy,0,2.0,4
dqwn,0,2.0,4
fyqj,0,2.0,4
mzo,0,1.584962500721156,3
jetp,0,2.0,4
snowdonia,0,2.725480556997868,9
hekx,0,2.0,4
goohle,0,2.2516291673878226,6
s1,0,1.0,2
bwxy,0,2.0,4
jheh,0,1.5,4
beograd.org,0,2.913977073182752,11
oh,0,1.0,2
10.akjz,0,2.807354922057604,7
xjkf,0,2.0,4
electronix,0,3.121928094887362,10
museums,0,1.950212064914747,7
anindiscriminatecollection,0,3.3787271036564657,26
sanu.ac,0,2.5216406363433186,7
agwd,0,2.0,4
lodc,0,2.0,4
dyson,0,2.321928094887362,5
uuk,0,0.9182958340544896,3
giantbomb1,0,3.121928094887362,10
8.jaia,0,2.251629167387823,6
6.yqpg,0,2.584962500721156,6
zakonodaja,0,2.6464393446710153,10
listado,0,2.807354922057604,7
10.jhcn,0,2.807354922057604,7
nic,0,1.584962500721156,3
learning,0,2.75,8
smlouvy,0,2.807354922057604,7
kmhd,0,2.0,4
7.mwgl,0,2.584962500721156,6
wjzm,0,2.0,4
cs-games,0,2.75,8
8.wdgm,0,2.584962500721156,6
vyph,0,2.0,4
wj,0,1.0,2
uclr,0,2.0,4
pwkx,0,2.0,4
mmm,0,-0.0,3
vlk,0,1.584962500721156,3
hxyq,0,2.0,4
gold.money,0,3.121928094887362,10
hssd,0,1.5,4
tienda,0,2.584962500721156,6
vitas,0,2.321928094887362,5
idku,0,2.0,4
utxi,0,2.0,4
vstu,0,2.0,4
kk,0,-0.0,2
izdk,0,2.0,4
kguh,0,2.0,4
qlkm,0,2.0,4
rtbp,0,2.0,4
kairui,0,2.2516291673878226,6
newmofu,0,2.807354922057604,7
mdomsp,0,2.2516291673878226,6
cdyd,0,1.5,4
aduana,0,1.7924812503605778,6
rwc,0,1.584962500721156,3
coopuelo,0,2.4056390622295662,8
gcya,0,2.0,4
7.qzwd,0,2.584962500721156,6
nrox,0,2.0,4
3.eyvm,0,2.584962500721156,6
ykcc,0,1.5,4
jxze,0,2.0,4
bookin,0,2.2516291673878226,6
grnnet,0,2.2516291673878226,6
domen,0,2.321928094887362,5
litera,0,2.584962500721156,6
fqun,0,2.0,4
xnzo,0,2.0,4
3.jkaw,0,2.584962500721156,6
quft,0,2.0,4
bkaq,0,2.0,4
aslz,0,2.0,4
gnar,0,2.0,4
zfpk,0,2.0,4
penza,0,2.321928094887362,5
d1qfj231ug7wdu,0,3.378783493486176,14
evaluare,0,2.5,8
mpuy,0,2.0,4
zswf,0,2.0,4
hdds,0,1.5,4
yy,0,-0.0,2
bcft,0,2.0,4
rtfj,0,2.0,4
reklama-w-pigulce,0,3.6168746059562227,17
fr.babelfish,0,3.2516291673878226,12
ehxo,0,2.0,4
qipq,0,1.5,4
bally,0,1.9219280948873623,5
aeiou,0,2.321928094887362,5
ottm,0,1.5,4
5.unmp,0,2.584962500721156,6
yongke,0,2.584962500721156,6
ppt,0,0.9182958340544896,3
hms,0,1.584962500721156,3
3.xbvh,0,2.584962500721156,6
khdn,0,2.0,4
irsp,0,2.0,4
nied,0,2.0,4
kqhi,0,2.0,4
baptist,0,2.521640636343318,7
student,0,2.5216406363433186,7
programadiasporacaboverde,0,3.4292750707107125,25
eunx,0,2.0,4
pmec,0,2.0,4
gtqa,0,2.0,4
audiencesniper,0,3.182005814760214,14
bgmu,0,2.0,4
spfg,0,2.0,4
nileriver,0,2.5032583347756456,9
nlva,0,2.0,4
hcjg,0,2.0,4
xiazai,0,1.9182958340544893,6
ucuc,0,1.0,4
xjze,0,2.0,4
csgv,0,2.0,4
huzx,0,2.0,4
wgjp,0,2.0,4
dreamline,0,2.94770277922009,9
freewristbandslk5,0,3.734521664779752,17
pushkin,0,2.807354922057604,7
vjxx,0,1.5,4
svwy,0,2.0,4
chgpu,0,2.321928094887362,5
politika.co,0,3.0957952550009344,11
2.xovb,0,2.584962500721156,6
rkzc,0,2.0,4
djwt,0,2.0,4
ba,0,1.0,2
sionsg,0,2.2516291673878226,6
images-a,0,2.75,8
bcmc,0,1.5,4
jlly,0,1.5,4
lubbock,0,2.5216406363433186,7
lxyu,0,2.0,4
onjn,0,1.5,4
sxfj,0,2.0,4
meii,0,1.5,4
isyc,0,2.0,4
torrentking,0,2.9139770731827523,11
wristbandswholesalezat,0,3.6635327548042538,22
mcrv,0,2.0,4
cokf,0,2.0,4
vbiu,0,2.0,4
gaj,0,1.584962500721156,3
onxt,0,2.0,4
al,0,1.0,2
langologitarok,0,3.039148671903071,14
joyi,0,2.0,4
euiq,0,2.0,4
otrv,0,2.0,4
ep-2018-ironbank,0,3.75,16
pdgb,0,2.0,4
zqaw,0,2.0,4
kmct,0,2.0,4
tbem,0,2.0,4
gvhc,0,2.0,4
qaqm,0,1.5,4
uqih,0,2.0,4
airgun,0,2.584962500721156,6
cdnm,0,2.0,4
hveu,0,2.0,4
fwwe,0,1.5,4
xubf,0,2.0,4
hlwh,0,1.5,4
kieo,0,2.0,4
eyif,0,2.0,4
7.dodw,0,2.2516291673878226,6
gai,0,1.584962500721156,3
mju,0,1.584962500721156,3
pgtd,0,2.0,4
kmwa,0,2.0,4
lxqg,0,2.0,4
pass4sure,0,2.6416041678685933,9
rpsx,0,2.0,4
s2,0,1.0,2
rgjl,0,2.0,4
icpp,0,1.5,4
d1ipn991zmyfu9,0,3.3248629576173574,14
crz,0,1.584962500721156,3
mrlq,0,2.0,4
ddnu,0,1.5,4
cms.events,0,2.9219280948873623,10
kwey,0,2.0,4
krqi,0,2.0,4
ecqh,0,2.0,4
iyhx,0,2.0,4
victory,0,2.807354922057604,7
ccyl,0,1.5,4
vgci,0,2.0,4
obt,0,1.584962500721156,3
images-e,0,2.75,8
imhu,0,2.0,4
epmz,0,2.0,4
iawe,0,2.0,4
iyai,0,1.5,4
kwcm,0,2.0,4
gosstroy,0,2.5,8
cfax,0,2.0,4
recrut,0,2.2516291673878226,6
subiecte,0,2.75,8
ijbu,0,2.0,4
ktub,0,2.0,4
gosudar,0,2.807354922057604,7
byt,0,1.584962500721156,3
www.pandora-jewellery,0,3.4992275417233567,21
ylrv,0,2.0,4
810,0,1.584962500721156,3
travels,0,2.807354922057604,7
tgbw,0,2.0,4
vnwp,0,2.0,4
ss1,0,0.9182958340544896,3
voda,0,2.0,4
ojib,0,2.0,4
hcsn,0,2.0,4
zjus,0,2.0,4
school113-rnd,0,3.3927474104487847,13
mvh,0,1.584962500721156,3
vidod,0,1.9219280948873623,5
gwwk,0,1.5,4
ctqi,0,2.0,4
ghtp,0,2.0,4
fmmb,0,1.5,4
radionet,0,3.0,8
tabletkinapenisa,0,3.202819531114783,16
ni.ac,0,2.321928094887362,5
ssqw,0,1.5,4
lwjn,0,2.0,4
rdaz,0,2.0,4
nfup,0,2.0,4
xniz,0,2.0,4
meto,0,2.0,4
whtx,0,2.0,4
ssif,0,1.5,4
gxaq,0,2.0,4
cgv,0,1.584962500721156,3
fizt,0,2.0,4
mtdf,0,2.0,4
iumg,0,2.0,4
cltj,0,2.0,4
nexya,0,2.321928094887362,5
yib,0,1.584962500721156,3
accessories,0,2.663532754804255,11
ezwa,0,2.0,4
yrsp,0,2.0,4
shifter,0,2.807354922057604,7
zwnn,0,1.5,4
wwzr,0,1.5,4
mfa.gov,0,2.807354922057604,7
security,0,3.0,8
ljaf,0,2.0,4
uzvw,0,2.0,4
ymfy,0,1.5,4
krbz,0,2.0,4
azino-777,0,2.6416041678685938,9
tokmok,0,1.9182958340544893,6
fxrg,0,2.0,4
9.vmpt,0,2.584962500721156,6
mbdg,0,2.0,4
tiip,0,1.5,4
exambasic,0,2.94770277922009,9
buyingbusinesstravel,0,3.584183719779189,20
rqlq,0,1.5,4
dytg,0,2.0,4
suab,0,2.0,4
xqog,0,2.0,4
ohdt,0,2.0,4
kmyh,0,2.0,4
esta,0,2.0,4
komap,0,2.321928094887362,5
trendmicro,0,3.121928094887362,10
lqny,0,2.0,4
aoep,0,2.0,4
ombudsman,0,2.94770277922009,9
dtpv,0,2.0,4
nxrg,0,2.0,4
10.dqrx,0,2.807354922057604,7
9.dvhv,0,2.251629167387823,6
9.cgkq,0,2.584962500721156,6
bdrw,0,2.0,4
tptl,0,1.5,4
diwj,0,2.0,4
qkvp,0,2.0,4
4.bfrd,0,2.584962500721156,6
cfsk,0,2.0,4
qppl,0,1.5,4
lrsx,0,2.0,4
tlt,0,0.9182958340544896,3
images-o,0,3.0,8
rjfx,0,2.0,4
bztu,0,2.0,4
zert,0,2.0,4
yuoy,0,1.5,4
1.zrri,0,2.251629167387823,6
ldeg,0,2.0,4
shanghai,0,2.5,8
cjxy,0,2.0,4
fly,0,1.584962500721156,3
iwpl,0,2.0,4
rwgw,0,1.5,4
xuow,0,2.0,4
wjph,0,2.0,4
traphouse,0,3.169925001442312,9
tjab,0,2.0,4
tssz,0,1.5,4
srub,0,2.0,4
ltg,0,1.584962500721156,3
dmvj,0,2.0,4
qexh,0,2.0,4
bnje,0,2.0,4
ooax,0,1.5,4
ypkq,0,2.0,4
dckd,0,1.5,4
5.vgpz,0,2.584962500721156,6
szmm,0,1.5,4
hbcv,0,2.0,4
aqsw,0,2.0,4
dwbu,0,2.0,4
ugip,0,2.0,4
tzob,0,2.0,4
hjuz,0,2.0,4
fisl,0,2.0,4
cvtl,0,2.0,4
gues,0,2.0,4
cxef,0,2.0,4
ottr,0,1.5,4
gywd,0,2.0,4
byle,0,2.0,4
pyjg,0,2.0,4
qzwr,0,2.0,4
www5,0,0.8112781244591328,4
4.hclf,0,2.584962500721156,6
cawp,0,2.0,4
uekd,0,2.0,4
rtvl,0,2.0,4
obchody,0,2.5216406363433186,7
wpkj,0,2.0,4
oypb,0,2.0,4
gieo,0,2.0,4
fxzl,0,2.0,4
dtcsrni,0,2.807354922057604,7
gpuu,0,1.5,4
opieka,0,2.584962500721156,6
xunlei7,0,2.807354922057604,7
icjg,0,2.0,4
ofbw,0,2.0,4
actx,0,2.0,4
ecag,0,2.0,4
oqye,0,2.0,4
vbdd,0,1.5,4
stoplinux,0,3.169925001442312,9
zoo,0,0.9182958340544896,3
glas-javnosti.co,0,3.625,16
ytq901,0,2.584962500721156,6
blsw,0,2.0,4
jwla,0,2.0,4
kesj,0,2.0,4
cwdp,0,2.0,4
3.zwfr,0,2.584962500721156,6
mxjs,0,2.0,4
insp,0,2.0,4
toshiba,0,2.807354922057604,7
landscape,0,2.94770277922009,9
pkwx,0,2.0,4
dtsq,0,2.0,4
mjqh,0,2.0,4
wsit,0,2.0,4
1.misq,0,2.584962500721156,6
lxdl,0,1.5,4
score,0,2.321928094887362,5
hcsc,0,1.5,4
qown,0,2.0,4
tsph,0,2.0,4
oxep,0,2.0,4
ccp,0,0.9182958340544896,3
nzah,0,2.0,4
udys,0,2.0,4
kflk,0,1.5,4
uufl,0,1.5,4
ingt,0,2.0,4
bafd,0,2.0,4
internet,0,2.25,8
preparatynatradzik,0,3.2390979179887864,18
akmc,0,2.0,4
uxza,0,2.0,4
orgo,0,1.5,4
cziu,0,2.0,4
inar,0,2.0,4
hhxe,0,1.5,4
aorj,0,2.0,4
mo,0,1.0,2
gddp,0,1.5,4
okom,0,1.5,4
vube,0,2.0,4
qzks,0,2.0,4
nxwq,0,2.0,4
ocgu,0,2.0,4
fnum,0,2.0,4
hcsg,0,2.0,4
skazki,0,2.2516291673878226,6
jkae,0,2.0,4
mz2plfgh7,0,3.169925001442312,9
kim,0,1.584962500721156,3
as,0,1.0,2
dxzs,0,2.0,4
ufvt,0,2.0,4
drqh,0,2.0,4
usxn,0,2.0,4
dina,0,2.0,4
domo,0,1.5,4
ygms,0,2.0,4
tsqs,0,1.5,4
aiox,0,2.0,4
pymf,0,2.0,4
evhp,0,2.0,4
kyag,0,2.0,4
wbxb,0,1.5,4
searcharchives,0,2.950212064914747,14
eojw,0,2.0,4
luld,0,1.5,4
uprava,0,2.251629167387823,6
xjqh,0,2.0,4
fwqr,0,2.0,4
cyuu,0,1.5,4
llkf,0,1.5,4
bim,0,1.584962500721156,3
uztranslations,0,3.2359263506290334,14
whnn,0,1.5,4
jspl,0,2.0,4
oryouri,0,2.2359263506290326,7
betp,0,2.0,4
rhhy,0,1.5,4
neny,0,1.5,4
fnedu,0,2.321928094887362,5
sxp,0,1.584962500721156,3
wrbzx,0,2.321928094887362,5
regal,0,2.321928094887362,5
poligon,0,2.5216406363433186,7
cool-panienski,0,3.378783493486176,14
rakipsiztr,0,2.9219280948873623,10
gwkg,0,1.5,4
mvzt,0,2.0,4
hqnp,0,2.0,4
weem,0,1.5,4
bjdw,0,2.0,4
iou,0,1.584962500721156,3
1.wima,0,2.584962500721156,6
7.gezn,0,2.584962500721156,6
777azino,0,2.4056390622295662,8
rmdx,0,2.0,4
desamaburai,0,3.027169118440619,11
tzxu,0,2.0,4
7.dtpv,0,2.584962500721156,6
4you,0,2.0,4
sysadminday,0,2.7321588913645702,11
nzhh,0,1.5,4
ishl,0,2.0,4
iek,0,1.584962500721156,3
5.mxmu,0,2.2516291673878226,6
4.tqfz,0,2.584962500721156,6
potential,0,2.94770277922009,9
bdpf,0,2.0,4
chqh,0,1.5,4
icp,0,1.584962500721156,3
yfrc,0,2.0,4
tzzy,0,1.5,4
jzrt,0,2.0,4
oart,0,2.0,4
ztc,0,1.584962500721156,3
diagnostics,0,3.0957952550009344,11
gapk,0,2.0,4
kennak,0,1.9182958340544893,6
bsba,0,1.5,4
ztgo,0,2.0,4
agra,0,1.5,4
teleoff,0,2.2359263506290326,7
pups,0,1.5,4
cheap-hosting,0,3.5465935642949384,13
rqd,0,1.584962500721156,3
rentsmart,0,2.725480556997868,9
qtjl,0,2.0,4
bjua,0,2.0,4
obly,0,2.0,4
bmku,0,2.0,4
hub,0,1.584962500721156,3
tatyana,0,1.8423709931771088,7
zmdr,0,2.0,4
statesassembly,0,2.8073549220576046,14
inks,0,2.0,4
zmkd,0,2.0,4
ctgg,0,1.5,4
dryer,0,1.9219280948873623,5
sterydy,0,2.521640636343318,7
nrc,0,1.584962500721156,3
sinoptik,0,2.75,8
rdng,0,2.0,4
kdxf,0,2.0,4
ffcn,0,1.5,4
sscq,0,1.5,4
wuvt,0,2.0,4
liner,0,2.321928094887362,5
lvio,0,2.0,4
titularizare,0,2.918295834054489,12
merkurcasino,0,3.418295834054489,12
cdly,0,2.0,4
7.idlc,0,2.584962500721156,6
grey-sofa,0,3.169925001442312,9
may65,0,2.321928094887362,5
qhlx,0,2.0,4
6.lrdy,0,2.584962500721156,6
thumbor-gc,0,3.321928094887362,10
mita,0,2.0,4
sov-art,0,2.807354922057604,7
karmatown,0,2.94770277922009,9
planet,0,2.584962500721156,6
fsol,0,2.0,4
7.vwfd,0,2.584962500721156,6
nonamills,0,2.725480556997868,9
dinafem,0,2.807354922057604,7
ifus,0,2.0,4
sbs,0,0.9182958340544896,3
courier,0,2.521640636343318,7
graduate,0,2.75,8
sv.gov,0,2.2516291673878226,6
uudr,0,1.5,4
yyay,0,0.8112781244591328,4
bcel,0,2.0,4
nwne,0,1.5,4
nwpc,0,2.0,4
sgsy,0,1.5,4
secure2,0,2.5216406363433186,7
5.ssyh,0,2.2516291673878226,6
8.ndwp,0,2.584962500721156,6
wzyk,0,2.0,4
deci,0,2.0,4
odqb,0,2.0,4
zbms,0,2.0,4
ine,0,1.584962500721156,3
lo1,0,1.584962500721156,3
fotoart,0,2.2359263506290326,7
kai,0,1.584962500721156,3
wjey,0,2.0,4
6.osxl,0,2.584962500721156,6
pewna-apteka2,0,3.0269868333592873,13
vqxo,0,2.0,4
eldi,0,2.0,4
5.fxeh,0,2.584962500721156,6
lsvs,0,1.5,4
10.pjrw,0,2.807354922057604,7
gvsu,0,2.0,4
kzt,0,1.584962500721156,3
grat,0,2.0,4
ar,0,1.0,2
xyyq,0,1.5,4
9.ntgx,0,2.584962500721156,6
armyjobs,0,3.0,8
bcb,0,0.9182958340544896,3
rcoo,0,1.5,4
kbimg,0,2.321928094887362,5
vibk,0,2.0,4
xcck,0,1.5,4
ffqx,0,1.5,4
omsk,0,2.0,4
azic,0,2.0,4
url,0,1.584962500721156,3
ls,0,1.0,2
cqcd,0,1.5,4
nawypadaniewlosow,0,3.292770193936991,17
pewna-apteka,0,2.8553885422075336,12
4.duto,0,2.584962500721156,6
school52,0,2.75,8
feym,0,2.0,4
chpm,0,2.0,4
dzyt,0,2.0,4
okatuning,0,2.94770277922009,9
maxprzek5,0,3.169925001442312,9
tzdh,0,2.0,4
cso,0,1.584962500721156,3
operations,0,3.121928094887362,10
unic,0,2.0,4
aurora,0,1.9182958340544893,6
buysale,0,2.807354922057604,7
cqhv,0,2.0,4
qik,0,1.584962500721156,3
yctz,0,2.0,4
powx,0,2.0,4
giit,0,1.5,4
pksm,0,2.0,4
qtsd,0,2.0,4
ikdi,0,1.5,4
official,0,2.5,8
9.qdpy,0,2.584962500721156,6
pewna-apteka4,0,3.0269868333592873,13
danas.co,0,2.75,8
pufj,0,2.0,4
cdnll,0,1.9219280948873623,5
mss,0,0.9182958340544896,3
skdc,0,2.0,4
nube,0,2.0,4
hoqk,0,2.0,4
reuters,0,2.2359263506290326,7
mhfg,0,2.0,4
9.kvne,0,2.584962500721156,6
haedu,0,2.321928094887362,5
clap,0,2.0,4
tao,0,1.584962500721156,3
snowypineswhitelabs,0,3.5766176449086653,19
1.boop,0,2.251629167387823,6
ampd,0,2.0,4
wsaf,0,2.0,4
tjky,0,2.0,4
10.uusr,0,2.521640636343318,7
puyang,0,2.584962500721156,6
zynd,0,2.0,4
rkno,0,2.0,4
mkeh,0,2.0,4
glqp,0,2.0,4
staging11,0,2.725480556997868,9
qbmp,0,2.0,4
10.coqr,0,2.807354922057604,7
dstu,0,2.0,4
ilc,0,1.584962500721156,3
tmd56,0,2.321928094887362,5
ilbq,0,2.0,4
kamagra,0,2.1280852788913944,7
maxprzek1,0,3.169925001442312,9
pstu,0,2.0,4
assets3,0,2.1280852788913944,7
fractal,0,2.5216406363433186,7
kitap,0,2.321928094887362,5
aarw,0,1.5,4
dosw,0,2.0,4
pspo,0,1.5,4
hundeseng,0,2.725480556997868,9
bqvp,0,2.0,4
fotobest,0,2.5,8
rokovania,0,2.725480556997868,9
rili,0,1.5,4
www-ws,0,1.2516291673878228,6
konte,0,2.321928094887362,5
centralbank,0,3.095795255000934,11
jobz,0,2.0,4
oicq,0,2.0,4
scp,0,1.584962500721156,3
8.cedk,0,2.584962500721156,6
crosdilleisure,0,3.09306920777189,14
gurt,0,2.0,4
rolenacity,0,3.321928094887362,10
twcn,0,2.0,4
linneyfencing,0,2.7773627950641693,13
ewnt,0,2.0,4
qyvy,0,1.5,4
www.westpalmbeach,0,3.381580488309164,17
hearst.referrals,0,2.952819531114783,16
rnfr,0,1.5,4
e-visa,0,2.584962500721156,6
chbo,0,2.0,4
wppg,0,1.5,4
powerbuilding,0,3.546593564294939,13
obr-don,0,2.5216406363433186,7
3.epmv,0,2.584962500721156,6
seekingstyleblog,0,3.327819531114783,16
ghwi,0,2.0,4
pewna-apteka5,0,3.0269868333592873,13
cart.payments,0,3.3927474104487847,13
4.kxsk,0,2.2516291673878226,6
dutchpassion,0,3.4182958340544896,12
icu,0,1.584962500721156,3
cbve,0,2.0,4
ccwn,0,1.5,4
xdzx,0,1.5,4
nwyv,0,2.0,4
bdmb,0,1.5,4
yes,0,1.584962500721156,3
mawr,0,2.0,4
maxprzek,0,3.0,8
maxprzek2,0,3.169925001442312,9
berrator,0,2.4056390622295662,8
neak,0,2.0,4
ktmz,0,2.0,4
hopx,0,2.0,4
crtu,0,2.0,4
hipo,0,2.0,4
pewna-apteka1,0,3.0269868333592873,13
raw.cdn,0,2.807354922057604,7
governmentofvanuatu,0,3.3660913291191923,19
zxkr,0,2.0,4
kvml,0,2.0,4
tdsr,0,2.0,4
khzj,0,2.0,4
sochi,0,2.321928094887362,5
bfvl,0,2.0,4
personalizedkeyringsformencie,0,3.8278326164749097,29
maxprzek3,0,3.169925001442312,9
6.zxok,0,2.584962500721156,6
dlje,0,2.0,4
riue,0,2.0,4
nbev,0,2.0,4
mfin,0,2.0,4
maxprzek4,0,3.169925001442312,9
redir,0,1.9219280948873623,5
ismb,0,2.0,4
gd,0,1.0,2
orv,0,1.584962500721156,3
ormekurtilkat,0,3.238901256602631,13
erqy,0,2.0,4
cuqp,0,2.0,4
gvko,0,2.0,4
1.ehst,0,2.584962500721156,6
z65b6,0,1.9219280948873623,5
openet,0,2.2516291673878226,6
www.yic,0,2.1280852788913944,7
deputyprimeminister,0,3.3263604079526936,19
statswales,0,2.4464393446710155,10
bgka,0,2.0,4
blst,0,2.0,4
saui,0,2.0,4
archive,0,2.807354922057604,7
wzwy,0,1.5,4
jjqn,0,1.5,4
uni-mindelo,0,3.0957952550009344,11
4.yhtu,0,2.584962500721156,6
xtbt,0,1.5,4
peoples,0,2.2359263506290326,7
so,0,1.0,2
lmda,0,2.0,4
hbzu,0,2.0,4
91porn,0,2.584962500721156,6
language,0,2.5,8
yffi,0,1.5,4
qymq,0,1.5,4
eurasia,0,2.521640636343318,7
8.ezxx,0,2.2516291673878226,6
martist,0,2.521640636343318,7
c21,0,1.584962500721156,3
deriv,0,2.321928094887362,5
yhfd,0,2.0,4
njjq,0,1.5,4
4.lezk,0,2.584962500721156,6
luxg,0,2.0,4
9.ktkj,0,2.2516291673878226,6
xgmu,0,2.0,4
4.jdnn,0,2.2516291673878226,6
bajo,0,2.0,4
img-l3,0,2.584962500721156,6
mnogosofta,0,2.8464393446710154,10
ekqo,0,2.0,4
pzch,0,2.0,4
arrs,0,1.5,4
libguides,0,2.94770277922009,9
tzsj,0,2.0,4
wbvg,0,2.0,4
taikan-karate,0,2.7773627950641693,13
banner2,0,2.5216406363433186,7
4.fibc,0,2.584962500721156,6
narq,0,2.0,4
9.gehr,0,2.584962500721156,6
putty,0,1.9219280948873623,5
pewna-apteka3,0,3.0269868333592873,13
ndce,0,2.0,4
2.nduw,0,2.584962500721156,6
mob,0,1.584962500721156,3
doe,0,1.584962500721156,3
kopilochka,0,2.9219280948873623,10
vote,0,2.0,4
wmforum,0,2.5216406363433186,7
oqik,0,2.0,4
experiment,0,2.8464393446710154,10
helpfvl,0,2.5216406363433186,7
lemf,0,2.0,4
vmwl,0,2.0,4
yduw,0,2.0,4
hozx,0,2.0,4
megionschool3,0,3.334679141051595,13
casino,0,2.584962500721156,6
www03,0,1.3709505944546687,5
tjvg,0,2.0,4
oeuc,0,2.0,4
4.xbez,0,2.584962500721156,6
inss,0,1.5,4
lygi,0,2.0,4
jsfq,0,2.0,4
baawri,0,2.2516291673878226,6
poox,0,1.5,4
cosmics,0,2.2359263506290326,7
weblisting,0,3.121928094887362,10
sun9-68,0,2.807354922057604,7
